store_name,store_format,address,opening_hours,latitude,longitude,in_baku_study_bbox,google_maps_url,source_url,collected_at_utc,nearest_bravo_km,nearest_bravo_name,bravo_count_within_1km,bravo_count_within_2km
Bravo Hovsan,Express,"Hovsan settlement, Ilgar Ahlimanov street 159D",07:00 - 23:00,40.360592,50.078354,True,"https://www.google.com/maps/dir/?api=1&origin=&destination=40.360592,50.078354&travelmode=driver",https://www.bravosupermarket.az/en/branches/,2026-09-24T15:18:14.821094+00:00,9.200281074909206,Bravo Yeni Guneshli,0,0
Bravo Lokbatan,Super,"Lokbatan settlement, 28 May street",24/7,40.322475,49.732838,True,"https://www.google.com/maps/dir/?api=1&origin=&destination=40.322475,49.732838&travelmode=driver",https://www.bravosupermarket.az/en/branches/,2026-09-24T15:18:14.821094+00:00,7.29583282027096,Bravo 20th area,0,0
Bravo Mardakan highway,Super,Mardakan highway,24/7,40.462429,50.082314,True,"https://www.google.com/maps/dir/?api=1&origin=&destination=40.462429,50.082314&travelmode=driver",https://www.bravosupermarket.az/en/branches/,2026-09-24T15:18:14.821094+00:00,5.165597811676735,Bravo Gala Highway,0,0
Bravo Amburan Mall,Market,"Bilgah settlement, Amburan Mall 1st floor",09:00 - 23:00 (only in summer 24/7),40.588303,50.058319,True,"https://www.google.com/maps/dir/?api=1&origin=&destination=40.588303,50.058319&travelmode=driver",https://www.bravosupermarket.az/en/branches/,2026-09-24T15:18:14.821094+00:00,4.804343789728862,Bravo Bilgah,0,0
Bravo Gala Highway,Market,"Gala settlement, territory of No. 3 Olive farm",07:00 - 23:00,40.456032,50.142788,True,"https://www.google.com/maps/dir/?api=1&origin=&destination=40.456032,50.142788&travelmode=driver",https://www.bravosupermarket.az/en/branches/,2026-09-24T15:18:14.821094+00:00,3.931582308951232,Bravo Shuvalan,0,0
Bravo Bilgah,Market,"Nardaran settlement, ""Azerbaijan Qadini"" street",09:00 - 23:00 (only in summer 24/7),40.554775,50.022442,True,"https://www.google.com/maps/dir/?api=1&origin=&destination=40.554775,50.022442&travelmode=driver",https://www.bravosupermarket.az/en/branches/,2026-09-24T15:18:14.821094+00:00,3.681655008830866,Bravo Mashtagha,0,0
Bravo Mashtagha,Express,"Mashtagha settlement, Nizami street 97",08:00 - 23:00,40.53167,49.991234,True,"https://www.google.com/maps/dir/?api=1&origin=&destination=40.53167,49.991234&travelmode=driver",https://www.bravosupermarket.az/en/branches/,2026-09-24T15:18:14.821094+00:00,3.681655008830866,Bravo Bilgah,0,0
Bravo Buzovna,Express,"Mardakan settlement, Buzovna-Mardakan road",08:00 - 23:00,40.511261,50.140347,True,"https://www.google.com/maps/dir/?api=1&origin=&destination=40.511261,50.140347&travelmode=driver",https://www.bravosupermarket.az/en/branches/,2026-09-24T15:18:14.821094+00:00,3.556557675907461,Bravo Shuvalan,0,0
Bravo Baghcali sheher residence,Market,"Sumgait city, Sulh avenue 20B",08:00 - 23:00,40.574696,49.643204,True,"https://www.google.com/maps/dir/?api=1&origin=&destination=40.574696,49.643204&travelmode=driver",https://www.bravosupermarket.az/en/branches/,2026-09-24T15:18:14.821094+00:00,3.511550176990079,Bravo Sumgait Railway st.,0,0
Bravo 20th area,Super,Shahlar Allahverdiyev street 6B,24/7,40.329807,49.818363,True,"https://www.google.com/maps/dir/?api=1&origin=&destination=40.329807,49.818363&travelmode=driver",https://www.bravosupermarket.az/en/branches/,2026-09-24T15:18:14.821094+00:00,2.3963101682481724,Bravo Park Bayil residence,0,0
Bravo Binagadi highway,Market,"Binagadi settlement, Binagadi highway, 1st street",08:00 - 23:00,40.44939,49.843666,True,"https://www.google.com/maps/dir/?api=1&origin=&destination=40.44939,49.843666&travelmode=driver",https://www.bravosupermarket.az/en/branches/,2026-09-24T15:18:14.821094+00:00,2.2775224454443026,Bravo Binagadi,0,0
Bravo 8 November av.,Super,8 November avenue 102B,07:00 - 02:00,40.373058,49.926048,True,"https://www.google.com/maps/dir/?api=1&origin=&destination=40.373058,49.926048&travelmode=driver",https://www.bravosupermarket.az/en/branches/,2026-09-24T15:18:14.821094+00:00,1.5853290840613594,Bravo Ahmedli,0,2
Bravo Bakikhanov Mall,Market,"Bakikhanov settlement, Yaver Aliyev street 132",08:00 - 23:00,40.432003,49.954494,True,"https://www.google.com/maps/dir/?api=1&origin=&destination=40.432003,49.954494&travelmode=driver",https://www.bravosupermarket.az/en/branches/,2026-09-24T15:18:14.821094+00:00,1.583900656291421,Bravo Sabunchu,0,2
Bravo Sumgait Railway st.,Express,Sumgait Railway station,06:30 - 00:00,40.56197,49.681252,True,"https://www.google.com/maps/dir/?api=1&origin=&destination=40.56197,49.681252&travelmode=driver",https://www.bravosupermarket.az/en/branches/,2026-09-24T15:18:14.821094+00:00,1.5215458149395462,Bravo Sumgait,0,1
Bravo Sumgait,Super,Uzeyir Hadjibeyov street 2,08:00 - 02:00,40.573364,49.691227,True,"https://www.google.com/maps/dir/?api=1&origin=&destination=40.573364,49.691227&travelmode=driver",https://www.bravosupermarket.az/en/branches/,2026-09-24T15:18:14.821094+00:00,1.5215458149395462,Bravo Sumgait Railway st.,0,1
Bravo A. Abbaszade str.,Express,"Badamdar settlement, Abbasgulu Abbaszade street 59 A",08:00 - 23:00,40.355026,49.816319,True,"https://www.google.com/maps/dir/?api=1&origin=&destination=40.355026,49.816319&travelmode=driver",https://www.bravosupermarket.az/en/branches/,2026-09-24T15:18:14.821094+00:00,1.4734632115727557,Bravo Sabah residence,0,4
Bravo Yeni Guneshli,Super,İlgar Musayev street,07:00 - 02:00,40.386593,49.97525,True,"https://www.google.com/maps/dir/?api=1&origin=&destination=40.386593,49.97525&travelmode=driver",https://www.bravosupermarket.az/en/branches/,2026-09-24T15:18:14.821094+00:00,1.3667728848184633,Bravo S.A.Shirvani st.,0,4
Bravo Şüvəlan,Express,"Bakı, Xəzər rayonu, Almas İldırım 120",08:00-02:00,40.48621,50.19828,True,"https://www.google.com/maps/dir/?api=1&origin=&destination=40.48621,50.19828&travelmode=driver",https://www.bravosupermarket.az/en/branches/,2026-09-24T15:18:14.821094+00:00,1.2292595520814757,Bravo Shuvalan Park,0,2
Bravo Koroghlu m/s,Hiper,Heydar Aliyev avenue 172,24/7,40.418194,49.913635,True,"https://www.google.com/maps/dir/?api=1&origin=&destination=40.418194,49.913635&travelmode=driver",https://www.bravosupermarket.az/en/branches/,2026-09-24T15:18:14.821094+00:00,1.2018298619567174,Bravo Uzbekistan st.,0,3
Bravo- City Park Mall,Market,"White City, intersection of Babek Avenue and Suleyman Vezirov Street",9:00-22:00,40.38916,49.890148,True,"https://www.google.com/maps/dir/?api=1&origin=&destination=40.38916,49.890148&travelmode=driver",https://www.bravosupermarket.az/en/branches/,2026-09-24T15:18:14.821094+00:00,1.0681965189380762,Bravo White City residence,0,5
Bravo Chinar Park residence,Express,Ziya Bunyadov avenue 1965,07:00 - 23:00,40.415352,49.857815,True,"https://www.google.com/maps/dir/?api=1&origin=&destination=40.415352,49.857815&travelmode=driver",https://www.bravosupermarket.az/en/branches/,2026-09-24T15:18:14.821094+00:00,1.0633220710519546,Bravo Shovkat Mammadova st.,0,15
Bravo Deniz Mall,Super,"Neftchilar avenue 26A, Deniz Mall 1st floor",09:00 - 23:00 (only in summer 09:00 - 02:00),40.358597,49.838146,True,"https://www.google.com/maps/dir/?api=1&origin=&destination=40.358597,49.838146&travelmode=driver",https://www.bravosupermarket.az/en/branches/,2026-09-24T15:18:14.821094+00:00,0.9764873605939681,Bravo Sabah residence,1,10
Bravo Zefir Mall,Market,Zefir Mall 1st floor,09:00 - 23:00,40.376522,49.793922,True,"https://www.google.com/maps/dir/?api=1&origin=&destination=40.376522,49.793922&travelmode=driver",https://www.bravosupermarket.az/en/branches/,2026-09-24T15:18:14.821094+00:00,0.9385216447516187,"Bravo Yasamal ""Asan Service""",1,10
Bravo Khirdalan,Super,Heydar Aliyev avenue,07:00 - 02:00,40.450523,49.744705,True,"https://www.google.com/maps/dir/?api=1&origin=&destination=40.450523,49.744705&travelmode=driver",https://www.bravosupermarket.az/en/branches/,2026-09-24T15:18:14.821094+00:00,0.913275240626706,Bravo Khirdalan -2,1,2
Bravo Asad Ahmadov st.22,Market,Asad Ahmadov street 22,07:00 - 02:00,40.38805,49.7878,True,"https://www.google.com/maps/dir/?api=1&origin=&destination=40.38805,49.7878&travelmode=driver",https://www.bravosupermarket.az/en/branches/,2026-09-24T15:18:14.821094+00:00,0.9057885711027153,Bravo Asad Ahmadov st.,1,10
Bravo Ganclik Mall,Super,Fatali Khan Khoyski pr. 14,9:00 - 23:00,40.400177,49.852364,True,"https://www.google.com/maps/dir/?api=1&origin=&destination=40.400177,49.852364&travelmode=driver",https://www.bravosupermarket.az/en/branches/,2026-09-24T15:18:14.821094+00:00,0.8734690791546162,Bravo Zumrud Residence,2,22
Bravo Ganja av.,Express,"Ahmadli settlement, Ganja avenue",07:00 - 23:00,40.358143,49.961662,True,"https://www.google.com/maps/dir/?api=1&origin=&destination=40.358143,49.961662&travelmode=driver",https://www.bravosupermarket.az/en/branches/,2026-09-24T15:18:14.821094+00:00,0.8692987944454236,Bravo Park Khatai residence,1,3
Bravo Park Khatai residence,Market,Ganja avenue 2942A,07:00 - 02:00,40.365807,49.959637,True,"https://www.google.com/maps/dir/?api=1&origin=&destination=40.365807,49.959637&travelmode=driver",https://www.bravosupermarket.az/en/branches/,2026-09-24T15:18:14.821094+00:00,0.8692987944454236,Bravo Ganja av.,2,4
Bravo Park Bayil residence,Express,Gurban Abbasov street 27,07:00 - 23:00,40.344589,49.838936,True,"https://www.google.com/maps/dir/?api=1&origin=&destination=40.344589,49.838936&travelmode=driver",https://www.bravosupermarket.az/en/branches/,2026-09-24T15:18:14.821094+00:00,0.8655328087542025,Bravo Sabah residence,1,2
Bravo Sabah residence,Market,Khanlar Aliyev street 10,07:00 - 23:00,40.350815,49.832806,True,"https://www.google.com/maps/dir/?api=1&origin=&destination=40.350815,49.832806&travelmode=driver",https://www.bravosupermarket.az/en/branches/,2026-09-24T15:18:14.821094+00:00,0.8655328087542025,Bravo Park Bayil residence,2,5
Bravo Khirdalan -2,Express,"Khirdalan city, Heydar Aliyev avenue 240",08:00 - 02:00,40.45578,49.736412,True,"https://www.google.com/maps/dir/?api=1&origin=&destination=40.45578,49.736412&travelmode=driver",https://www.bravosupermarket.az/en/branches/,2026-09-24T15:18:14.821094+00:00,0.8089884799919759,Bravo Mehdi Huseynzade st.,2,4
Bravo Mehdi Huseynzade st.,Express,"Khirdalan city, Mehdi Huseynzade street 26",07:00 - 00:00,40.459766,49.744411,True,"https://www.google.com/maps/dir/?api=1&origin=&destination=40.459766,49.744411&travelmode=driver",https://www.bravosupermarket.az/en/branches/,2026-09-24T15:18:14.821094+00:00,0.8089884799919759,Bravo Khirdalan -2,1,3
Bravo Adil Mammadov st.,Market,Adil Mammadov street 42C,08:00 - 23:00,40.421795,49.809044,True,"https://www.google.com/maps/dir/?api=1&origin=&destination=40.421795,49.809044&travelmode=driver",https://www.bravosupermarket.az/en/branches/,2026-09-24T15:18:14.821094+00:00,0.8081214407481164,Bravo Javadkhan st.,1,7
Bravo Ahmedli,Hiper,Ramiz Guliyev street 4,24/7,40.375065,49.944576,True,"https://www.google.com/maps/dir/?api=1&origin=&destination=40.375065,49.944576&travelmode=driver",https://www.bravosupermarket.az/en/branches/,2026-09-24T15:18:14.821094+00:00,0.7984928463289844,Bravo Hazi Aslanov m/s,2,6
"Bravo ""Qesr"" residence",Market,"Masazır settlement, Aliagha Vahid street 281",08:00 - 23:00,40.484016,49.757584,True,"https://www.google.com/maps/dir/?api=1&origin=&destination=40.484016,49.757584&travelmode=driver",https://www.bravosupermarket.az/en/branches/,2026-09-24T15:18:14.821094+00:00,0.7984788400466107,"Bravo ""Qurtuluş"" residence -1",1,1
"Bravo ""Qurtuluş"" residence -1",Express,"Masazır settlement, İstiglaliyyat street",07:00 - 23:00,40.49086,49.754726,True,"https://www.google.com/maps/dir/?api=1&origin=&destination=40.49086,49.754726&travelmode=driver",https://www.bravosupermarket.az/en/branches/,2026-09-24T15:18:14.821094+00:00,0.7984788400466107,"Bravo ""Qesr"" residence",1,1
Bravo Shuvalan Park,Market,Almas İldyrim street 68,09:00 - 23:00 (only in summer 09:00 - 00:00),40.484509,50.183918,True,"https://www.google.com/maps/dir/?api=1&origin=&destination=40.484509,50.183918&travelmode=driver",https://www.bravosupermarket.az/en/branches/,2026-09-24T15:18:14.821094+00:00,0.7804896207532349,Bravo Şüvəlan,1,4
Bravo Qadir Mammadov,Market,"Khatai district, Gadir Mammadov 40",08:00 - 02:00,40.368393,49.948143,True,"https://www.google.com/maps/dir/?api=1&origin=&destination=40.368393,49.948143&travelmode=driver",https://www.bravosupermarket.az/en/branches/,2026-09-24T15:18:14.821094+00:00,0.7464711144439682,Bravo Hazi Aslanov m/s,2,6
Bravo Hazi Aslanov m/s,Express,Mahammad Hadi street 76,07:00 - 02:00,40.373547,49.953789,True,"https://www.google.com/maps/dir/?api=1&origin=&destination=40.373547,49.953789&travelmode=driver",https://www.bravosupermarket.az/en/branches/,2026-09-24T15:18:14.821094+00:00,0.7464711144439682,Bravo Qadir Mammadov,3,6
Bravo Binagadi,Express,"Binagadi region, ""Xarici Dairəvi"" street 16C",08:00 -23:00,40.429462,49.849884,True,"https://www.google.com/maps/dir/?api=1&origin=&destination=40.429462,49.849884&travelmode=driver",https://www.bravosupermarket.az/en/branches/,2026-09-24T15:18:14.821094+00:00,0.7343572772956789,Bravo Axundov Residence,2,5
Bravo A.M.Sharifzade st.,Market,"Abbas Mirza Sharifzade street 231-233, near Baku Medicine collage",07:00 - 02:00,40.39856,49.801273,True,"https://www.google.com/maps/dir/?api=1&origin=&destination=40.39856,49.801273&travelmode=driver",https://www.bravosupermarket.az/en/branches/,2026-09-24T15:18:14.821094+00:00,0.7279515469307685,Bravo Asad Ahmadov st.,6,13
Bravo Samad Vughun st.,Super,Samad Vurghun street,07:00 - 02:00,40.38628,49.837585,True,"https://www.google.com/maps/dir/?api=1&origin=&destination=40.38628,49.837585&travelmode=driver",https://www.bravosupermarket.az/en/branches/,2026-09-24T15:18:14.821094+00:00,0.7151615037556761,Bravo Gulustan Residence,5,23
Bravo İsmayil Hidayetzade,Market,"Narimanov district, Ismayil Hidayatzadeh street, house 130",7/24,40.393917,49.87215,True,"https://www.google.com/maps/dir/?api=1&origin=&destination=40.393917,49.87215&travelmode=driver",https://www.bravosupermarket.az/en/branches/,2026-09-24T15:18:14.821094+00:00,0.7090824657632355,Bravo Khatai m/s,2,17
Bravo Abdulvahab Salamzade st.,Express,Abdulvahab Salamzade street 7,07:00 - 02:00,40.393284,49.810108,True,"https://www.google.com/maps/dir/?api=1&origin=&destination=40.393284,49.810108&travelmode=driver",https://www.bravosupermarket.az/en/branches/,2026-09-24T15:18:14.821094+00:00,0.7010543218450251,Bravo A.M.Sharifzade st. 301,5,17
Bravo Svetlana Mammadova st.,Express,Svetlana Mammadova street 122,07:00 - 02:00,40.424446,49.823261,True,"https://www.google.com/maps/dir/?api=1&origin=&destination=40.424446,49.823261&travelmode=driver",https://www.bravosupermarket.az/en/branches/,2026-09-24T15:18:14.821094+00:00,0.6756150432927196,Bravo Javadkhan st.,1,8
Bravo Azinko residence,Express,Aliyar Aliyev street 26,07:00 - 02:00,40.406548,49.876183,True,"https://www.google.com/maps/dir/?api=1&origin=&destination=40.406548,49.876183&travelmode=driver",https://www.bravosupermarket.az/en/branches/,2026-09-24T15:18:14.821094+00:00,0.6655781211461582,Bravo Agha Nematulla st.,3,7
Bravo A.M.Sharifzade st. 301,Express,Abbas Mirza Sharifzade street 301A,07:00 - 23:00,40.391216,49.802288,True,"https://www.google.com/maps/dir/?api=1&origin=&destination=40.391216,49.802288&travelmode=driver",https://www.bravosupermarket.az/en/branches/,2026-09-24T15:18:14.821094+00:00,0.6532752190013458,Bravo Akim Abbasov st.,5,15
Bravo Jeyhun Hajibayli st.,Express,Jeyhun Hajibeyli street 8,07:00 - 02:00,40.385174,49.848789,True,"https://www.google.com/maps/dir/?api=1&origin=&destination=40.385174,49.848789&travelmode=driver",https://www.bravosupermarket.az/en/branches/,2026-09-24T15:18:14.821094+00:00,0.6445613336809153,Bravo Roseville residence,5,26
Bravo Nasimi st.,Express,"Nizami region, Nasimi street 214",07:00 - 23:00,40.414333,49.94532,True,"https://www.google.com/maps/dir/?api=1&origin=&destination=40.414333,49.94532&travelmode=driver",https://www.bravosupermarket.az/en/branches/,2026-09-24T15:18:14.821094+00:00,0.6282172472331903,Bravo Park City residence,3,8
Bravo Zumrud Residence,Express,Alasgar Huseynov street 5,08:00 - 23:00,40.397938,49.862251,True,"https://www.google.com/maps/dir/?api=1&origin=&destination=40.397938,49.862251&travelmode=driver",https://www.bravosupermarket.az/en/branches/,2026-09-24T15:18:14.821094+00:00,0.6201930232315569,Bravo Fatali khan Khoyski st.,6,19
Bravo Zarifa Aliyeva st.,Express,Zarifa Aliyeva avenue 55,07:00 - 00:00,40.375481,49.857346,True,"https://www.google.com/maps/dir/?api=1&origin=&destination=40.375481,49.857346&travelmode=driver",https://www.bravosupermarket.az/en/branches/,2026-09-24T15:18:14.821094+00:00,0.6098263988461594,Bravo Khagani st.,3,17
Bravo Khalglar Dostlughu m/s,Express,Bahruz Nuriyev street 2383,07:00 - 00:00,40.402592,49.955204,True,"https://www.google.com/maps/dir/?api=1&origin=&destination=40.402592,49.955204&travelmode=driver",https://www.bravosupermarket.az/en/branches/,2026-09-24T15:18:14.821094+00:00,0.6041693116000931,Bravo Podium Mall,3,9
Bravo Asad Ahmadov st.,Super,Asad Ahmedov street (Yeni Yasamal settlement),24/7,40.393997,49.795109,True,"https://www.google.com/maps/dir/?api=1&origin=&destination=40.393997,49.795109&travelmode=driver",https://www.bravosupermarket.az/en/branches/,2026-09-24T15:18:14.821094+00:00,0.6024984129739192,Bravo Mahammad Khiyabani st.,4,13
Bravo Mahammad Khiyabani st.,Express,Mahammad Khiyabani street 202A,07:00 - 00:00,40.399067,49.792599,True,"https://www.google.com/maps/dir/?api=1&origin=&destination=40.399067,49.792599&travelmode=driver",https://www.bravosupermarket.az/en/branches/,2026-09-24T15:18:14.821094+00:00,0.6024984129739192,Bravo Asad Ahmadov st.,2,11
Bravo White City residence,Express,Khagani Rustamov street 23,07:00 - 23:00,40.382687,49.880829,True,"https://www.google.com/maps/dir/?api=1&origin=&destination=40.382687,49.880829&travelmode=driver",https://www.bravosupermarket.az/en/branches/,2026-09-24T15:18:14.821094+00:00,0.5950580238867582,Bravo Park Azure residence,3,8
Bravo Park Azure residence,Super,Afiaddin Jalilov street 27A,07:00 - 02:00,40.379177,49.875526,True,"https://www.google.com/maps/dir/?api=1&origin=&destination=40.379177,49.875526&travelmode=driver",https://www.bravosupermarket.az/en/branches/,2026-09-24T15:18:14.821094+00:00,0.5950580238867582,Bravo White City residence,5,9
Bravo Jalil Mammadguluzade st.,Express,Jalil Mammadguluzade street 988,07:00 - 23:00,40.395691,49.829384,True,"https://www.google.com/maps/dir/?api=1&origin=&destination=40.395691,49.829384&travelmode=driver",https://www.bravosupermarket.az/en/branches/,2026-09-24T15:18:14.821094+00:00,0.5858876980147025,Bravo Sabit Rahman st.,6,15
"Bravo ""AAAF Park"" residence",Express,"167 H. Aliyev avenue, AAAF park legal complex, street No. 28, building 5",07:00 - 23:00,40.459625,49.720074,True,"https://www.google.com/maps/dir/?api=1&origin=&destination=40.459625,49.720074&travelmode=driver",https://www.bravosupermarket.az/en/branches/,2026-09-24T15:18:14.821094+00:00,0.5827165327958176,Bravo Khirdalan H. Aliyev pr-2,1,2
Bravo Khirdalan H. Aliyev pr-2,Market,"Khirdalan city, H. Aliyev avenue 263",07:00 - 00:00,40.463448,49.724785,True,"https://www.google.com/maps/dir/?api=1&origin=&destination=40.463448,49.724785&travelmode=driver",https://www.bravosupermarket.az/en/branches/,2026-09-24T15:18:14.821094+00:00,0.5827165327958176,"Bravo ""AAAF Park"" residence",1,3
Bravo Mahammad Hadi st. 136,Express,Mahammad Hadi street 136A,07:00 - 23:00,40.390984,49.953701,True,"https://www.google.com/maps/dir/?api=1&origin=&destination=40.390984,49.953701&travelmode=driver",https://www.bravosupermarket.az/en/branches/,2026-09-24T15:18:14.821094+00:00,0.5785396051596532,Bravo Ahmedli m/s,3,9
Bravo Ahmedli m/s,Express,"Khatai region, Mahammad Hadi street 182",07:00-02:00,40.385784,49.953472,True,"https://www.google.com/maps/dir/?api=1&origin=&destination=40.385784,49.953472&travelmode=driver",https://www.bravosupermarket.az/en/branches/,2026-09-24T15:18:14.821094+00:00,0.5785396051596532,Bravo Mahammad Hadi st. 136,2,8
Bravo M.K.Ataturk av.,Express,Mustafa Kamal Ataturk avenue 27,24/7,40.408398,49.847549,True,"https://www.google.com/maps/dir/?api=1&origin=&destination=40.408398,49.847549&travelmode=driver",https://www.bravosupermarket.az/en/branches/,2026-09-24T15:18:14.821094+00:00,0.5548223411718507,Bravo İbrahimpasha Dadashov st.,1,21
Bravo Khatai m/s,Hiper,Babek avenue,24/7,40.387726,49.874157,True,"https://www.google.com/maps/dir/?api=1&origin=&destination=40.387726,49.874157&travelmode=driver",https://www.bravosupermarket.az/en/branches/,2026-09-24T15:18:14.821094+00:00,0.538835046455421,Bravo Suleyman Vazirov st.,4,13
Bravo Bakir Chobanzade st.,Express,Bakir Chobanzade street 46A,07:00-02:00,40.411163,49.931221,True,"https://www.google.com/maps/dir/?api=1&origin=&destination=40.411163,49.931221&travelmode=driver",https://www.bravosupermarket.az/en/branches/,2026-09-24T15:18:14.821094+00:00,0.5382402714762047,Bravo Uzbekistan st.,2,7
"Bravo ""Rahatlıq məkanı"" residence",Market,Alif Hajiyev street,07:00 - 02:00,40.416355,49.933159,True,"https://www.google.com/maps/dir/?api=1&origin=&destination=40.416355,49.933159&travelmode=driver",https://www.bravosupermarket.az/en/branches/,2026-09-24T15:18:14.821094+00:00,0.5347813706259928,Bravo Uzbekistan st.,2,7
Bravo Uzbekistan st.,Express,"Nizami region, Mehdi Abbasov street 15A",07:00 - 23:00,40.414879,49.927147,True,"https://www.google.com/maps/dir/?api=1&origin=&destination=40.414879,49.927147&travelmode=driver",https://www.bravosupermarket.az/en/branches/,2026-09-24T15:18:14.821094+00:00,0.5347813706259928,"Bravo ""Rahatlıq məkanı"" residence",2,4
Bravo İbrahimpasha Dadashov st.,Express,İbrahimpasha Dadashov street 57,07:00 - 23:00,40.411991,49.843002,True,"https://www.google.com/maps/dir/?api=1&origin=&destination=40.411991,49.843002&travelmode=driver",https://www.bravosupermarket.az/en/branches/,2026-09-24T15:18:14.821094+00:00,0.52548627404145,Bravo Sattar Bahlulzade st.,4,14
Bravo Khagani st.,Express,Khagani street 26/32,07:00-02:00,40.374973,49.850178,True,"https://www.google.com/maps/dir/?api=1&origin=&destination=40.374973,49.850178&travelmode=driver",https://www.bravosupermarket.az/en/branches/,2026-09-24T15:18:14.821094+00:00,0.5182459437218189,Bravo Sahil m/s,6,18
Bravo Renessance Palace residence,Market,Zahid Khalilov street 576,07:00 - 02:00,40.384518,49.812393,True,"https://www.google.com/maps/dir/?api=1&origin=&destination=40.384518,49.812393&travelmode=driver",https://www.bravosupermarket.az/en/branches/,2026-09-24T15:18:14.821094+00:00,0.5022265795118951,"Bravo ""Chocolate Tower"" residence",7,15
Bravo Podium Mall,Market,"Nizami rayonu, C.Naxçivanski küçəsi 88Q, məhəllə 2566 (Podium Mall 1-ci mərtəbə)",,40.408005,49.955822,True,"https://www.google.com/maps/dir/?api=1&origin=&destination=40.408005,49.955822&travelmode=driver",https://www.bravosupermarket.az/en/branches/,2026-09-24T15:18:14.821094+00:00,0.5018194085903603,Bravo Ramiz Qambarov st.,4,8
Bravo Jamshid Nakhchivanski st.,Express,Jamshid Nakhchivanski street 51,00:00 - 00:00,40.406052,49.949257,True,"https://www.google.com/maps/dir/?api=1&origin=&destination=40.406052,49.949257&travelmode=driver",https://www.bravosupermarket.az/en/branches/,2026-09-24T15:18:14.821094+00:00,0.49665816152447856,Bravo Park City residence,5,10
Bravo Suleyman Vazirov st.,Express,Khojali avenue 29,07:00 - 02:00,40.383778,49.870468,True,"https://www.google.com/maps/dir/?api=1&origin=&destination=40.383778,49.870468&travelmode=driver",https://www.bravosupermarket.az/en/branches/,2026-09-24T15:18:14.821094+00:00,0.4763159349542542,Bravo Sabit Orujov st.,5,14
Bravo Axundov Residence,Market,"Binəqədi rayonu, Süleyman Sani Axundov küçəsi 1R",,40.426689,49.84201,True,"https://www.google.com/maps/dir/?api=1&origin=&destination=40.426689,49.84201&travelmode=driver",https://www.bravosupermarket.az/en/branches/,2026-09-24T15:18:14.821094+00:00,0.4721717686767499,"Bravo ""Baku Tennis Academy""",3,8
Bravo Sabunchu Railway st.,Express,Asildar Mammadaliyev street,07:00 - 23:00,40.446301,49.946194,True,"https://www.google.com/maps/dir/?api=1&origin=&destination=40.446301,49.946194&travelmode=driver",https://www.bravosupermarket.az/en/branches/,2026-09-24T15:18:14.821094+00:00,0.4667545258207463,Bravo Sabunchu,1,2
Bravo Sabunchu,Express,"Sabunchu settlement, near №3 Hospital",07:00 - 00:00,40.443058,49.942692,True,"https://www.google.com/maps/dir/?api=1&origin=&destination=40.443058,49.942692&travelmode=driver",https://www.bravosupermarket.az/en/branches/,2026-09-24T15:18:14.821094+00:00,0.4667545258207463,Bravo Sabunchu Railway st.,1,2
"Bravo Yasamal ""Asan Service""",Market,Abbas Mirza Sharifzade street 66,07:00-02:00,40.37822,49.804775,True,"https://www.google.com/maps/dir/?api=1&origin=&destination=40.37822,49.804775&travelmode=driver",https://www.bravosupermarket.az/en/branches/,2026-09-24T15:18:14.821094+00:00,0.46141135574286607,"Bravo ""Chocolate Tower"" residence",7,12
Bravo Shovkat Mammadova st.,Super,Shovkat Mammadova street 2,24/7,40.419731,49.846649,True,"https://www.google.com/maps/dir/?api=1&origin=&destination=40.419731,49.846649&travelmode=driver",https://www.bravosupermarket.az/en/branches/,2026-09-24T15:18:14.821094+00:00,0.4586069214265568,"Bravo ""Baku Tennis Academy""",4,8
"Bravo ""Baku Tennis Academy""",Express,"8th mcr, İbrahimpasha Dadashov street",07:00 - 02:00,40.422466,49.842594,True,"https://www.google.com/maps/dir/?api=1&origin=&destination=40.422466,49.842594&travelmode=driver",https://www.bravosupermarket.az/en/branches/,2026-09-24T15:18:14.821094+00:00,0.4586069214265568,Bravo Shovkat Mammadova st.,4,9
Bravo Şüvəlan,Market,"Bakı şəhəri, Xəzər rayonu, Şüvəlan qəsəbəsi, A. İldırım küçəsi, 30",,40.485668,50.174816,True,"https://www.google.com/maps/dir/?api=1&origin=&destination=40.485668,50.174816&travelmode=driver",https://www.bravosupermarket.az/en/branches/,2026-09-24T15:18:14.821094+00:00,0.457497293592006,Bravo Almas İldırım,3,4
Bravo 20 January m/s,Express,Hasan bay Zardabi avenue 811,07:00 - 23:00,40.403976,49.806622,True,"https://www.google.com/maps/dir/?api=1&origin=&destination=40.403976,49.806622&travelmode=driver",https://www.bravosupermarket.az/en/branches/,2026-09-24T15:18:14.821094+00:00,0.4556607538594703,Bravo 20 January m/s,3,11
Bravo 20 January m/s,Hiper,Tbilisi avenue 3007,24/7,40.401619,49.811024,True,"https://www.google.com/maps/dir/?api=1&origin=&destination=40.401619,49.811024&travelmode=driver",https://www.bravosupermarket.az/en/branches/,2026-09-24T15:18:14.821094+00:00,0.4556607538594703,Bravo 20 January m/s,3,14
Bravo Agha Nematulla st.,Express,Agha Nematulla street 209,07:00 - 02:00,40.407623,49.86845,True,"https://www.google.com/maps/dir/?api=1&origin=&destination=40.407623,49.86845&travelmode=driver",https://www.bravosupermarket.az/en/branches/,2026-09-24T15:18:14.821094+00:00,0.4500013145343115,Bravo Aliashraf Alizade st.,4,11
Bravo Aliashraf Alizade st.,Express,Aliashraf Alizade street 65,07:00 - 23:00,40.41124,49.870834,True,"https://www.google.com/maps/dir/?api=1&origin=&destination=40.41124,49.870834&travelmode=driver",https://www.bravosupermarket.az/en/branches/,2026-09-24T15:18:14.821094+00:00,0.4500013145343115,Bravo Agha Nematulla st.,3,9
Bravo 28 Mall,Super,Azadlig avenue 15A,09:00 - 23:00,40.379128,49.846539,True,"https://www.google.com/maps/dir/?api=1&origin=&destination=40.379128,49.846539&travelmode=driver",https://www.bravosupermarket.az/en/branches/,2026-09-24T15:18:14.821094+00:00,0.4471888966664516,Bravo Gulustan Residence,7,23
Bravo Gulustan Residence,Express,Bulbul avenue 60,07:00-02:00,40.380642,49.841648,True,"https://www.google.com/maps/dir/?api=1&origin=&destination=40.380642,49.841648&travelmode=driver",https://www.bravosupermarket.az/en/branches/,2026-09-24T15:18:14.821094+00:00,0.4471888966664516,Bravo 28 Mall,7,22
Bravo Javadkhan st.,Express,Javadkhan street 4A,07:00 - 23:00,40.419746,49.818203,True,"https://www.google.com/maps/dir/?api=1&origin=&destination=40.419746,49.818203&travelmode=driver",https://www.bravosupermarket.az/en/branches/,2026-09-24T15:18:14.821094+00:00,0.4358727879091156,Bravo Huseyn Seyidzade st.,3,8
Bravo Huseyn Seyidzade st.,Express,Huseyn Seyidzade street 56,07:00-02:00,40.415878,49.819038,True,"https://www.google.com/maps/dir/?api=1&origin=&destination=40.415878,49.819038&travelmode=driver",https://www.bravosupermarket.az/en/branches/,2026-09-24T15:18:14.821094+00:00,0.4358727879091156,Bravo Javadkhan st.,2,10
Bravo İstanbul houses,Market,"Binagadi region, Ajami Nakhchivani street 39L",07:00 - 02:00,40.41621,49.840031,True,"https://www.google.com/maps/dir/?api=1&origin=&destination=40.41621,49.840031&travelmode=driver",https://www.bravosupermarket.az/en/branches/,2026-09-24T15:18:14.821094+00:00,0.4159046234281547,Bravo Sattar Bahlulzade st.,4,14
Bravo Sattar Bahlulzade st.,Express,Sattar Bahlulzade street 1,07:00 - 00:00,40.413254,49.837021,True,"https://www.google.com/maps/dir/?api=1&origin=&destination=40.413254,49.837021&travelmode=driver",https://www.bravosupermarket.az/en/branches/,2026-09-24T15:18:14.821094+00:00,0.4159046234281547,Bravo İstanbul houses,2,16
Bravo 20 January st.,Express,"Nasimi region, 20 January street",07:00 - 02:00,40.412437,49.809032,True,"https://www.google.com/maps/dir/?api=1&origin=&destination=40.412437,49.809032&travelmode=driver",https://www.bravosupermarket.az/en/branches/,2026-09-24T15:18:14.821094+00:00,0.4105414056970941,Bravo Mir Jalal st.,4,9
Bravo Winter park,Super,"Mahammad Fuzuli street, in front of Winter park",24/7,40.376831,49.835712,True,"https://www.google.com/maps/dir/?api=1&origin=&destination=40.376831,49.835712&travelmode=driver",https://www.bravosupermarket.az/en/branches/,2026-09-24T15:18:14.821094+00:00,0.3864051080247421,Bravo Bashir Safaroghlu st.,7,18
Bravo Huseyn Javid av.,Express,Huseyn Javid avenue 55,07:00 - 00:00,40.377781,49.81575,True,"https://www.google.com/maps/dir/?api=1&origin=&destination=40.377781,49.81575&travelmode=driver",https://www.bravosupermarket.az/en/branches/,2026-09-24T15:18:14.821094+00:00,0.3845280563846224,Bravo Zahid Khalilov st.,4,16
Bravo Mir Jalal st.,Market,"4th mcr, Mir Jalal street 2A",07:00-23:00,40.412987,49.804237,True,"https://www.google.com/maps/dir/?api=1&origin=&destination=40.412987,49.804237&travelmode=driver",https://www.bravosupermarket.az/en/branches/,2026-09-24T15:18:14.821094+00:00,0.38087929061743814,Bravo Moskva prospekti,2,9
Bravo Moskva prospekti,Market,"Bakı şəhəri, Yasamal rayonu, Moskva prospekti 8, 3168-ci məhəllə (“Main Yaşayış Kompleksi” 41 saylı bina)",,40.412891,49.79974,True,"https://www.google.com/maps/dir/?api=1&origin=&destination=40.412891,49.79974&travelmode=driver",https://www.bravosupermarket.az/en/branches/,2026-09-24T15:18:14.821094+00:00,0.38087929061743814,Bravo Mir Jalal st.,2,9
Bravo Park City residence,Express,Rustam Rustamov street 72A,08:00 - 22:00,40.410393,49.950638,True,"https://www.google.com/maps/dir/?api=1&origin=&destination=40.410393,49.950638&travelmode=driver",https://www.bravosupermarket.az/en/branches/,2026-09-24T15:18:14.821094+00:00,0.36721198016021855,Bravo Ramiz Qambarov st.,5,7
Bravo Ramiz Qambarov st.,Super,"Bakikhanov settlement, Ramiz Qambarov street 2566",08:00 - 02:00,40.412334,49.954147,True,"https://www.google.com/maps/dir/?api=1&origin=&destination=40.412334,49.954147&travelmode=driver",https://www.bravosupermarket.az/en/branches/,2026-09-24T15:18:14.821094+00:00,0.36721198016021855,Bravo Park City residence,4,7
Bravo Sabit Orujov st.,Market,Sabit Orujov street 13,07:00 - 23:00,40.380573,49.866737,True,"https://www.google.com/maps/dir/?api=1&origin=&destination=40.380573,49.866737&travelmode=driver",https://www.bravosupermarket.az/en/branches/,2026-09-24T15:18:14.821094+00:00,0.34972018414998995,Bravo Afiyaddin Jalilov,4,14
Bravo Afiyaddin Jalilov,Unknown,,07:00-02:00,40.377525,49.865719,True,"https://www.google.com/maps/dir/?api=1&origin=&destination=40.377525,49.865719&travelmode=driver",https://www.bravosupermarket.az/en/branches/,2026-09-24T15:18:14.821094+00:00,0.34972018414998995,Bravo Sabit Orujov st.,4,14
Bravo Azadlig av.,Super,"Narimanov region, Azadlig avenue 145",24/7,40.401787,49.837296,True,"https://www.google.com/maps/dir/?api=1&origin=&destination=40.401787,49.837296&travelmode=driver",https://www.bravosupermarket.az/en/branches/,2026-09-24T15:18:14.821094+00:00,0.3430400945226383,Bravo Khan Shushinski st.,6,14
Bravo Roseville residence,Market,Kazim Kazimzade street 30,08:00 - 23:00,40.390942,49.849545,True,"https://www.google.com/maps/dir/?api=1&origin=&destination=40.390942,49.849545&travelmode=driver",https://www.bravosupermarket.az/en/branches/,2026-09-24T15:18:14.821094+00:00,0.340076997193224,Bravo A.Bakikhanov st.,5,26
Bravo A.Bakikhanov st.,Express,Abbasgulu agha Bakikhanov street 35-37,07:00 - 23:00,40.390858,49.845531,True,"https://www.google.com/maps/dir/?api=1&origin=&destination=40.390858,49.845531&travelmode=driver",https://www.bravosupermarket.az/en/branches/,2026-09-24T15:18:14.821094+00:00,0.340076997193224,Bravo Roseville residence,6,24
Bravo M.F.Akhundov st.,Express,Mirza Fatali Akhundov street 179,08:00 - 02:00,40.383011,49.825718,True,"https://www.google.com/maps/dir/?api=1&origin=&destination=40.383011,49.825718&travelmode=driver",https://www.bravosupermarket.az/en/branches/,2026-09-24T15:18:14.821094+00:00,0.31163268261378835,Bravo Globus Center,1,27
Bravo Globus Center,Super,Jafar Jabbarli street 609,07:00 - 01:00,40.385128,49.828129,True,"https://www.google.com/maps/dir/?api=1&origin=&destination=40.385128,49.828129&travelmode=driver",https://www.bravosupermarket.az/en/branches/,2026-09-24T15:18:14.821094+00:00,0.31163268261378835,Bravo M.F.Akhundov st.,2,26
Bravo Babek av.,Market,"Babek avenue 94, near Sarhadchi Sport complex",07:00 - 02:00,40.394787,49.963158,True,"https://www.google.com/maps/dir/?api=1&origin=&destination=40.394787,49.963158&travelmode=driver",https://www.bravosupermarket.az/en/branches/,2026-09-24T15:18:14.821094+00:00,0.2970265961215243,Bravo S.A.Shirvani st.,2,7
Bravo S.A.Shirvani st.,Express,Seyid Azim Shirvani street 29,07:00 - 00:00,40.39259,49.961163,True,"https://www.google.com/maps/dir/?api=1&origin=&destination=40.39259,49.961163&travelmode=driver",https://www.bravosupermarket.az/en/branches/,2026-09-24T15:18:14.821094+00:00,0.2970265961215243,Bravo Babek av.,3,7
Bravo Zahid Khalilov st.,Express,Zahid Khalilov street 568,07:00 - 02:00,40.379364,49.811714,True,"https://www.google.com/maps/dir/?api=1&origin=&destination=40.379364,49.811714&travelmode=driver",https://www.bravosupermarket.az/en/branches/,2026-09-24T15:18:14.821094+00:00,0.27472154114880165,"Bravo ""Chocolate Tower"" residence",6,15
"Bravo ""Chocolate Tower"" residence",Market,Hasan bay Zardabi avenue,07:00 - 02:00,40.380783,49.809059,True,"https://www.google.com/maps/dir/?api=1&origin=&destination=40.380783,49.809059&travelmode=driver",https://www.bravosupermarket.az/en/branches/,2026-09-24T15:18:14.821094+00:00,0.27472154114880165,Bravo Zahid Khalilov st.,6,13
Bravo Nasib bey Yusifbayli st.,Express,Nasib bay Yusifbayli street 74,07:00 - 00:00,40.398125,49.840244,True,"https://www.google.com/maps/dir/?api=1&origin=&destination=40.398125,49.840244&travelmode=driver",https://www.bravosupermarket.az/en/branches/,2026-09-24T15:18:14.821094+00:00,0.2744034468207226,Bravo Mirasadulla Mirgasimov st.,7,19
Bravo Whitestone residence,Market,Karabagh street 68,07:00 - 02:00,40.391796,49.860645,True,"https://www.google.com/maps/dir/?api=1&origin=&destination=40.391796,49.860645&travelmode=driver",https://www.bravosupermarket.az/en/branches/,2026-09-24T15:18:14.821094+00:00,0.2677836096624622,Bravo Tabriz st.,3,21
Bravo Tabriz st.,Market,Tabriz street 41,06:00 - 02:00,40.393024,49.857925,True,"https://www.google.com/maps/dir/?api=1&origin=&destination=40.393024,49.857925&travelmode=driver",https://www.bravosupermarket.az/en/branches/,2026-09-24T15:18:14.821094+00:00,0.2677836096624622,Bravo Whitestone residence,4,23
Bravo Uzeyir Hajibeyov st.,Express,"Sabail region, Samad Vurghun street 3",24/7,40.371468,49.842682,True,"https://www.google.com/maps/dir/?api=1&origin=&destination=40.371468,49.842682&travelmode=driver",https://www.bravosupermarket.az/en/branches/,2026-09-24T15:18:14.821094+00:00,0.25841708472972347,Bravo Sahil m/s,7,16
Bravo Shuvalan,Super,"Shuvalan settlement, near Police Academy",,40.486343,50.166718,True,"https://www.google.com/maps/dir/?api=1&origin=&destination=40.486343,50.166718&travelmode=driver",https://www.bravosupermarket.az/en/branches/,2026-09-24T15:18:14.821094+00:00,0.24210861366001946,Bravo Almas İldırım,2,3
Bravo Almas İldırım,Unknown,,07:00-02:00,40.486629,50.169556,True,"https://www.google.com/maps/dir/?api=1&origin=&destination=40.486629,50.169556&travelmode=driver",https://www.bravosupermarket.az/en/branches/,2026-09-24T15:18:14.821094+00:00,0.24210861366001946,Bravo Shuvalan,2,3
Bravo Life Center residence,Express,"Narimanov region, Ahmad Rajabli avenue",07:00 - 02:00,40.403027,49.867691,True,"https://www.google.com/maps/dir/?api=1&origin=&destination=40.403027,49.867691&travelmode=driver",https://www.bravosupermarket.az/en/branches/,2026-09-24T15:18:14.821094+00:00,0.24200446617323013,Bravo Fatali khan Khoyski st.,5,12
Bravo Fatali khan Khoyski st.,Super,"Fatali khan Khoyski street, near №5 Hospital",24/7,40.403156,49.864838,True,"https://www.google.com/maps/dir/?api=1&origin=&destination=40.403156,49.864838&travelmode=driver",https://www.bravosupermarket.az/en/branches/,2026-09-24T15:18:14.821094+00:00,0.24200446617323013,Bravo Life Center residence,3,13
"Bravo Premium ""Sea Breeze""",Premium,"Nardaran settlement, “Sea Breeze” recreation and residential complex",7/24,40.588493,49.98732,True,"https://www.google.com/maps/dir/?api=1&origin=&destination=40.588493,49.98732&travelmode=driver",https://www.bravosupermarket.az/en/branches/,2026-09-24T15:18:14.821094+00:00,0.23920857100953594,Bravo Sea Breeze residence,1,1
Bravo Sea Breeze residence,Express,"Nardaran settlement, Sea Breeze residence",24/7,40.587234,49.985023,True,"https://www.google.com/maps/dir/?api=1&origin=&destination=40.587234,49.985023&travelmode=driver",https://www.bravosupermarket.az/en/branches/,2026-09-24T15:18:14.821094+00:00,0.23920857100953594,"Bravo Premium ""Sea Breeze""",1,1
Bravo Rifah Palace residence,Express,Mirasadulla Mirgasimov street 8,07:00-02:00,40.394775,49.838371,True,"https://www.google.com/maps/dir/?api=1&origin=&destination=40.394775,49.838371&travelmode=driver",https://www.bravosupermarket.az/en/branches/,2026-09-24T15:18:14.821094+00:00,0.23673371140686197,Bravo Mirasadulla Mirgasimov st.,8,19
Bravo Mirasadulla Mirgasimov st.,Market,Mirasadulla Mirgasimov street,07:00 - 23:00,40.395706,49.840885,True,"https://www.google.com/maps/dir/?api=1&origin=&destination=40.395706,49.840885&travelmode=driver",https://www.bravosupermarket.az/en/branches/,2026-09-24T15:18:14.821094+00:00,0.23673371140686197,Bravo Rifah Palace residence,8,21
Bravo Sabit Rahman st.,Express,Sabit Rahman street 82B,07:00 - 23:00,40.399803,49.83371,True,"https://www.google.com/maps/dir/?api=1&origin=&destination=40.399803,49.83371&travelmode=driver",https://www.bravosupermarket.az/en/branches/,2026-09-24T15:18:14.821094+00:00,0.2241021446027656,Bravo Khan Shushinski st.,6,17
Bravo Khan Shushinski st.,Express,Khan Shushinski street,07:00 - 00:00,40.398853,49.836044,True,"https://www.google.com/maps/dir/?api=1&origin=&destination=40.398853,49.836044&travelmode=driver",https://www.bravosupermarket.az/en/branches/,2026-09-24T15:18:14.821094+00:00,0.2241021446027656,Bravo Sabit Rahman st.,6,18
Bravo Sharifzade Center residence,Super,Abbas Mirza Sharifzade street 380A,07:00 - 02:00,40.383671,49.80405,True,"https://www.google.com/maps/dir/?api=1&origin=&destination=40.383671,49.80405&travelmode=driver",https://www.bravosupermarket.az/en/branches/,2026-09-24T15:18:14.821094+00:00,0.21743949202569346,Bravo Akim Abbasov st.,6,14
Bravo Akim Abbasov st.,Express,General Akim Abbasov street 1,07:00 - 00:00,40.385593,49.804523,True,"https://www.google.com/maps/dir/?api=1&origin=&destination=40.385593,49.804523&travelmode=driver",https://www.bravosupermarket.az/en/branches/,2026-09-24T15:18:14.821094+00:00,0.21743949202569346,Bravo Sharifzade Center residence,7,15
Bravo Sahil m/s,Express,Khagani street 21,07:00 - 02:00,40.373371,49.844433,True,"https://www.google.com/maps/dir/?api=1&origin=&destination=40.373371,49.844433&travelmode=driver",https://www.bravosupermarket.az/en/branches/,2026-09-24T15:18:14.821094+00:00,0.13380356922085876,Bravo Bulbul st.,8,18
Bravo Bulbul st.,Express,Bulbul avenue 18,24/7,40.374413,49.843643,True,"https://www.google.com/maps/dir/?api=1&origin=&destination=40.374413,49.843643&travelmode=driver",https://www.bravosupermarket.az/en/branches/,2026-09-24T15:18:14.821094+00:00,0.13380356922085876,Bravo Sahil m/s,8,19
Bravo Azerbaijan av.,Express,Azerbaijan avenue 23,07:00 - 00:00,40.372826,49.832901,True,"https://www.google.com/maps/dir/?api=1&origin=&destination=40.372826,49.832901&travelmode=driver",https://www.bravosupermarket.az/en/branches/,2026-09-24T15:18:14.821094+00:00,0.12185040038318476,Bravo Bashir Safaroghlu st.,7,17
Bravo Bashir Safaroghlu st.,Express,Tabriz Khalilbayli street 31A,24/7,40.373669,49.83382,True,"https://www.google.com/maps/dir/?api=1&origin=&destination=40.373669,49.83382&travelmode=driver",https://www.bravosupermarket.az/en/branches/,2026-09-24T15:18:14.821094+00:00,0.12185040038318476,Bravo Azerbaijan av.,7,17
Bravo Akhundov park,Express,Ahmad Javad street 3,07:00-07:00,40.368645,49.830395,True,"https://www.google.com/maps/dir/?api=1&origin=&destination=40.368645,49.830395&travelmode=driver",https://www.bravosupermarket.az/en/branches/,2026-09-24T15:18:14.821094+00:00,0.10593147424936177,Bravo Said Rustamov st.,3,17
Bravo Said Rustamov st.,Express,"Sabail region, Hasan Abdullayev street",07:00 - 00:00,40.368454,49.82917,True,"https://www.google.com/maps/dir/?api=1&origin=&destination=40.368454,49.82917&travelmode=driver",https://www.bravosupermarket.az/en/branches/,2026-09-24T15:18:14.821094+00:00,0.10593147424936177,Bravo Akhundov park,3,17
