cell_id,district,reverse_geocode_name,centre_latitude,centre_longitude,source
3,Sabail,"Səbail rayonu, Azərbaycan",40.30660543702225,49.78203419264534,OpenStreetMap via Nominatim reverse geocoding
0,Sabail,"Səbail rayonu, Azərbaycan",40.306480960898206,49.77026896196969,OpenStreetMap via Nominatim reverse geocoding
4,Sabail,"Səbail rayonu, Azərbaycan",40.31561271398141,49.78187234728604,OpenStreetMap via Nominatim reverse geocoding
8,Sabail,"Səbail rayonu, Azərbaycan",40.30672871700511,49.79379949629545,OpenStreetMap via Nominatim reverse geocoding
7,Garadagh,"Qaradağ rayonu, Azərbaycan",40.34263445720365,49.78138637299132,OpenStreetMap via Nominatim reverse geocoding
1,Garadagh,"Qaradağ rayonu, Azərbaycan",40.31548819844333,49.77010555418256,OpenStreetMap via Nominatim reverse geocoding
5,Garadagh,"Qaradağ rayonu, Azərbaycan",40.32461997633202,49.78171042891529,OpenStreetMap via Nominatim reverse geocoding
2,Garadagh,"Qaradağ rayonu, Azərbaycan",40.32449542136959,49.76994207267951,OpenStreetMap via Nominatim reverse geocoding
6,Garadagh,"Qaradağ rayonu, Azərbaycan",40.33362722407312,49.78154843749607,OpenStreetMap via Nominatim reverse geocoding
93,Narimanov,"Nərimanov rayonu, Bakı, Azərbaycan",40.43377717663698,49.88584944234769,OpenStreetMap via Nominatim reverse geocoding
17,Sabail,"Səbail rayonu, Azərbaycan",40.3068508008252,49.80556487221588,OpenStreetMap via Nominatim reverse geocoding
163,Surakhani,"Suraxanı rayonu, Azərbaycan",40.36268876036832,49.99301694145311,OpenStreetMap via Nominatim reverse geocoding
9,Sabail,"Səbail rayonu, Azərbaycan",40.31573603299968,49.79363921340098,OpenStreetMap via Nominatim reverse geocoding
30,Sabail,"Səbail rayonu, Azərbaycan",40.30697168846114,49.81733031970247,OpenStreetMap via Nominatim reverse geocoding
12,Sabail,"Səbail rayonu, Azərbaycan",40.34275789338967,49.793157930729095,OpenStreetMap via Nominatim reverse geocoding
162,Sabunchu,"Sabunçu rayonu, Azərbaycan",40.41663221955318,49.9804263250569,OpenStreetMap via Nominatim reverse geocoding
154,Khatai,"Xətai rayonu, Azərbaycan",40.34456997412253,49.98151222338946,OpenStreetMap via Nominatim reverse geocoding
164,Surakhani,"Suraxanı rayonu, Azərbaycan",40.37169659537893,49.99288286335539,OpenStreetMap via Nominatim reverse geocoding
100,Narimanov,"Nərimanov rayonu, Bakı, Azərbaycan",40.433890190041375,49.89763731428295,OpenStreetMap via Nominatim reverse geocoding
10,Sabail,"Səbail rayonu, Azərbaycan",40.32474333439597,49.79347885819954,OpenStreetMap via Nominatim reverse geocoding
11,Sabail,"Səbail rayonu, Azərbaycan",40.333750621192976,49.79331843065448,OpenStreetMap via Nominatim reverse geocoding
86,Narimanov,"Nərimanov rayonu, Bakı, Azərbaycan",40.4336629615939,49.87406163752402,OpenStreetMap via Nominatim reverse geocoding
161,Surakhani,"Suraxanı rayonu, Azərbaycan",40.40762448946752,49.98056227682827,OpenStreetMap via Nominatim reverse geocoding
166,Surakhani,"Suraxanı rayonu, Azərbaycan",40.398720013738426,49.99248026587544,OpenStreetMap via Nominatim reverse geocoding
92,Narimanov,"Nərimanov rayonu, Bakı, Azərbaycan",40.424769750823415,49.88599809359029,OpenStreetMap via Nominatim reverse geocoding
55,Sabail,"Səbail 2 siəd, Səbail rayonu, Azərbaycan",40.32522479723794,49.84055329172397,OpenStreetMap via Nominatim reverse geocoding
104,Nizami,"Nizami rayonu, Bakı, Azərbaycan",40.39797192698504,49.91000688786442,OpenStreetMap via Nominatim reverse geocoding
18,Sabail,"Səbail rayonu, Azərbaycan",40.31585815547658,49.80540615182287,OpenStreetMap via Nominatim reverse geocoding
116,Sabunchu,"Sabunçu rayonu, Azərbaycan",40.43411261185503,49.92121325665068,OpenStreetMap via Nominatim reverse geocoding
97,Nizami,"Nizami rayonu, Bakı, Azərbaycan",40.4068677617873,49.89807835302596,OpenStreetMap via Nominatim reverse geocoding
111,Khatai,"Xətai rayonu, Azərbaycan",40.389074807220055,49.9219322836201,OpenStreetMap via Nominatim reverse geocoding
108,Sabunchu,"Sabunçu rayonu, Azərbaycan",40.43400200178726,49.909425252620416,OpenStreetMap via Nominatim reverse geocoding
44,Sabail,"Səbail rayonu, Azərbaycan",40.31609881072091,49.82894024276947,OpenStreetMap via Nominatim reverse geocoding
155,Surakhani,"Suraxanı rayonu, Azərbaycan",40.35357780538816,49.98137670035997,OpenStreetMap via Nominatim reverse geocoding
157,Surakhani,"Suraxanı rayonu, Azərbaycan",40.37159342456385,49.98110547080318,OpenStreetMap via Nominatim reverse geocoding
156,Surakhani,"Suraxanı rayonu, Azərbaycan",40.36258562220223,49.98124111617489,OpenStreetMap via Nominatim reverse geocoding
119,Khatai,"Xətai rayonu, Azərbaycan",40.38918404263408,49.93371249936501,OpenStreetMap via Nominatim reverse geocoding
103,Khatai,"Xətai rayonu, Azərbaycan",40.3889643720076,49.91015213269364,OpenStreetMap via Nominatim reverse geocoding
144,Khatai,"Xətai rayonu, Azərbaycan",40.34446570323345,49.969739591664045,OpenStreetMap via Nominatim reverse geocoding
21,Sabail,"Səbail rayonu, Azərbaycan",40.34288013189788,49.80492956088391,OpenStreetMap via Nominatim reverse geocoding
112,Nizami,"Nizami rayonu, Bakı, Azərbaycan",40.39808239715013,49.92178860799493,OpenStreetMap via Nominatim reverse geocoding
165,Surakhani,"Suraxanı rayonu, Azərbaycan",40.38070441594476,49.99274872474703,OpenStreetMap via Nominatim reverse geocoding
133,Khatai,"Xətai rayonu, Azərbaycan",40.34436023436741,49.95796702176917,OpenStreetMap via Nominatim reverse geocoding
102,Khatai,"Xətai rayonu, Azərbaycan",40.37995680252131,49.91029731199678,OpenStreetMap via Nominatim reverse geocoding
31,Sabail,"Səbail rayonu, Azərbaycan",40.31597908139071,49.817173161847215,OpenStreetMap via Nominatim reverse geocoding
99,Narimanov,"Nərimanov rayonu, Bakı, Azərbaycan",40.42488272847831,49.8977843935545,OpenStreetMap via Nominatim reverse geocoding
85,Narimanov,"Nərimanov rayonu, Bakı, Azərbaycan",40.42465557190984,49.87421186070356,OpenStreetMap via Nominatim reverse geocoding
120,Nizami,"Nizami rayonu, Bakı, Azərbaycan",40.39819166713719,49.933570392976826,OpenStreetMap via Nominatim reverse geocoding
124,Khatai,"Xətai rayonu, Azərbaycan",40.35326129863803,49.94605429398598,OpenStreetMap via Nominatim reverse geocoding
160,Surakhani,"Suraxanı rayonu, Azərbaycan",40.39861674492485,49.98069816725743,OpenStreetMap via Nominatim reverse geocoding
153,Sabunchu,"Sabunçu rayonu, Azərbaycan",40.425535366880055,49.96850356225968,OpenStreetMap via Nominatim reverse geocoding
98,Nizami,"Nizami rayonu, Bakı, Azərbaycan",40.415875252393306,49.8979314064576,OpenStreetMap via Nominatim reverse geocoding
101,Khatai,"Xətai rayonu, Azərbaycan",40.37094921852709,49.91044242580709,OpenStreetMap via Nominatim reverse geocoding
105,Nizami,"Nizami rayonu, Bakı, Azərbaycan",40.40697946745264,49.909861577475816,OpenStreetMap via Nominatim reverse geocoding
94,Khatai,"Xətai rayonu, Azərbaycan",40.37984520285277,49.898518795059545,OpenStreetMap via Nominatim reverse geocoding
19,Sabail,"Səbail rayonu, Azərbaycan",40.32486549553982,49.80524735982742,OpenStreetMap via Nominatim reverse geocoding
34,Sabail,"Səbail 2 siəd, Səbail rayonu, Azərbaycan",40.34300117270685,49.816701262750165,OpenStreetMap via Nominatim reverse geocoding
91,Narimanov,"Nərimanov rayonu, Bakı, Azərbaycan",40.41576231047849,49.886146677755406,OpenStreetMap via Nominatim reverse geocoding
20,Sabail,"Səbail rayonu, Azərbaycan",40.33387282101393,49.805088496193214,OpenStreetMap via Nominatim reverse geocoding
152,Sabunchu,"Sabunçu rayonu, Azərbaycan",40.416527684332856,49.96864114689498,OpenStreetMap via Nominatim reverse geocoding
23,Yasamal,"Yasamal rayonu, Bakı, Azərbaycan",40.36089470989139,49.80461147509455,OpenStreetMap via Nominatim reverse geocoding
96,Nizami,"Nizami rayonu, Bakı, Azərbaycan",40.39786025666125,49.89822523329329,OpenStreetMap via Nominatim reverse geocoding
56,Sabail,"Səbail 2 siəd, Səbail rayonu, Azərbaycan",40.33423223647036,49.84039912003889,OpenStreetMap via Nominatim reverse geocoding
79,Binagadi,"Binəqədi 1 siəd, Bakı, Binəqədi rayonu, Azərbaycan",40.43354754493222,49.86227390052131,OpenStreetMap via Nominatim reverse geocoding
65,Sabail,"Səbail 2 siəd, Səbail rayonu, Azərbaycan",40.34335710872743,49.8520167915614,OpenStreetMap via Nominatim reverse geocoding
22,Sabail,"Səbail rayonu, Azərbaycan",40.35188742819072,49.80477055386315,OpenStreetMap via Nominatim reverse geocoding
45,Sabail,"Səbail rayonu, Azərbaycan",40.32510622698187,49.82878457729454,OpenStreetMap via Nominatim reverse geocoding
147,Khatai,"Xətai rayonu, Azərbaycan",40.37148905461573,49.969328139468665,OpenStreetMap via Nominatim reverse geocoding
118,Khatai,"Xətai rayonu, Azərbaycan",40.380176403640405,49.93385454164242,OpenStreetMap via Nominatim reverse geocoding
46,Sabail,"Səbail 2 siəd, Səbail rayonu, Azərbaycan",40.33411362867369,49.828628841590685,OpenStreetMap via Nominatim reverse geocoding
132,Sabunchu,"Sabunçu rayonu, Azərbaycan",40.42532262611779,49.944930250005264,OpenStreetMap via Nominatim reverse geocoding
78,Binagadi,"Binəqədi 1 siəd, Bakı, Binəqədi rayonu, Azərbaycan",40.42454019175762,49.8624256956033,OpenStreetMap via Nominatim reverse geocoding
123,Nizami,"Nizami rayonu, Bakı, Azərbaycan",40.42521445369374,49.93314368882164,OpenStreetMap via Nominatim reverse geocoding
145,Khatai,"Xətai rayonu, Azərbaycan",40.35347350148807,49.96960250280464,OpenStreetMap via Nominatim reverse geocoding
110,Khatai,"Xətai rayonu, Azərbaycan",40.38006720279032,49.922075894426825,OpenStreetMap via Nominatim reverse geocoding
107,Narimanov,"Nərimanov rayonu, Bakı, Azərbaycan",40.4249945048547,49.90957075988717,OpenStreetMap via Nominatim reverse geocoding
158,Surakhani,"Suraxanı rayonu, Azərbaycan",40.3806012124721,49.98096976421376,OpenStreetMap via Nominatim reverse geocoding
47,Sabail,"Səbail 2 siəd, Səbail rayonu, Azərbaycan",40.34312101579541,49.82847303562227,OpenStreetMap via Nominatim reverse geocoding
115,Sabunchu,"Sabunçu rayonu, Azərbaycan",40.425105079932976,49.92135719187924,OpenStreetMap via Nominatim reverse geocoding
89,Nizami,"Nizami rayonu, Bakı, Azərbaycan",40.39774738619838,49.88644364498951,OpenStreetMap via Nominatim reverse geocoding
151,Sabunchu,"Sabunçu rayonu, Azərbaycan",40.40751998731904,49.96877866944806,OpenStreetMap via Nominatim reverse geocoding
90,Narimanov,"Nərimanov rayonu, Bakı, Azərbaycan",40.40675485560317,49.88629519487712,OpenStreetMap via Nominatim reverse geocoding
148,Khatai,"Xətai rayonu, Azərbaycan",40.38049680948693,49.96919086492928,OpenStreetMap via Nominatim reverse geocoding
146,Khatai,"Xətai rayonu, Azərbaycan",40.36248128528246,49.9694653520833,OpenStreetMap via Nominatim reverse geocoding
95,Khatai,"Xətai rayonu, Azərbaycan",40.388852737016094,49.89837204729327,OpenStreetMap via Nominatim reverse geocoding
13,Yasamal,"Yasamal rayonu, Bakı, Azərbaycan",40.369779622367965,49.79267599630369,OpenStreetMap via Nominatim reverse geocoding
142,Sabunchu,"Sabunçu rayonu, Azərbaycan",40.42542959718615,49.956716874721,OpenStreetMap via Nominatim reverse geocoding
113,Nizami,"Nizami rayonu, Bakı, Azərbaycan",40.4070899725796,49.92164486751837,OpenStreetMap via Nominatim reverse geocoding
159,Surakhani,"Suraxanı rayonu, Azərbaycan",40.38960898592607,49.98083399637554,OpenStreetMap via Nominatim reverse geocoding
32,Sabail,"Səbail 2 siəd, Səbail rayonu, Azərbaycan",40.32498645974217,49.817015933094055,OpenStreetMap via Nominatim reverse geocoding
134,Khatai,"Xətai rayonu, Azərbaycan",40.35336799923186,49.9578283671112,OpenStreetMap via Nominatim reverse geocoding
128,Khatai,"Xətai rayonu, Azərbaycan",40.38929207823053,49.94549277922071,OpenStreetMap via Nominatim reverse geocoding
24,Yasamal,"Yasamal rayonu, Bakı, Azərbaycan",40.36990197699894,49.80445232454169,OpenStreetMap via Nominatim reverse geocoding
117,Khatai,"Xətai rayonu, Azərbaycan",40.37116875015709,49.93399651984157,OpenStreetMap via Nominatim reverse geocoding
33,Sabail,"Səbail 2 siəd, Səbail rayonu, Azərbaycan",40.33399382351456,49.81685863340703,OpenStreetMap via Nominatim reverse geocoding
36,Sabail,"Səbail rayonu, Azərbaycan",40.36101582734722,49.81638630838289,OpenStreetMap via Nominatim reverse geocoding
109,Khatai,"Xətai rayonu, Azərbaycan",40.37105958386183,49.922219440448,OpenStreetMap via Nominatim reverse geocoding
129,Nizami,"Nizami rayonu, Bakı, Azərbaycan",40.39829973692704,49.94535224210208,OpenStreetMap via Nominatim reverse geocoding
143,Sabunchu,"Sabunçu rayonu, Azərbaycan",40.43443723179647,49.95657765580376,OpenStreetMap via Nominatim reverse geocoding
150,Surakhani,"Suraxanı rayonu, Azərbaycan",40.39851227583949,49.96891612995046,OpenStreetMap via Nominatim reverse geocoding
106,Nizami,"Nizami rayonu, Bakı, Azərbaycan",40.41598699340952,49.90971620149452,OpenStreetMap via Nominatim reverse geocoding
125,Khatai,"Xətai rayonu, Azərbaycan",40.36226901525528,49.94591401028672,OpenStreetMap via Nominatim reverse geocoding
137,Khatai,"Xətai rayonu, Azərbaycan",40.38039120700755,49.95741202760098,OpenStreetMap via Nominatim reverse geocoding
84,Narimanov,"Nərimanov rayonu, Bakı, Azərbaycan",40.4156481676849,49.874362016096605,OpenStreetMap via Nominatim reverse geocoding
35,Sabail,"Səbail rayonu, Azərbaycan",40.35200850731809,49.81654382108746,OpenStreetMap via Nominatim reverse geocoding
37,Yasamal,"Yasamal rayonu, Bakı, Azərbaycan",40.37002313279333,49.81622872460038,OpenStreetMap via Nominatim reverse geocoding
149,Surakhani,"Suraxanı rayonu, Azərbaycan",40.38950454989515,49.9690535284337,OpenStreetMap via Nominatim reverse geocoding
114,Nizami,"Nizami rayonu, Bakı, Azərbaycan",40.41609753350753,49.92150106215747,OpenStreetMap via Nominatim reverse geocoding
49,Sabail,"Səbail rayonu, Azərbaycan",40.36113574632447,49.82816121274915,OpenStreetMap via Nominatim reverse geocoding
87,Khatai,"Xətai rayonu, Azərbaycan",40.37973240380424,49.886740344322384,OpenStreetMap via Nominatim reverse geocoding
127,Khatai,"Xətai rayonu, Azərbaycan",40.38028440505247,49.94563325293624,OpenStreetMap via Nominatim reverse geocoding
43,Binagadi,"Binəqədi 2 siəd, Bakı, Binəqədi rayonu, Azərbaycan",40.42406665917035,49.81528172724615,OpenStreetMap via Nominatim reverse geocoding
135,Khatai,"Xətai rayonu, Azərbaycan",40.362375749627326,49.95768964988503,OpenStreetMap via Nominatim reverse geocoding
48,Sabail,"Səbail 2 siəd, Səbail rayonu, Azərbaycan",40.35212838834599,49.82831715935365,OpenStreetMap via Nominatim reverse geocoding
141,Sabunchu,"Sabunçu rayonu, Azərbaycan",40.41642194809947,49.95685603081528,OpenStreetMap via Nominatim reverse geocoding
57,Sabail,"Səbail 2 siəd, Səbail rayonu, Azərbaycan",40.34323966114251,49.84024487879456,OpenStreetMap via Nominatim reverse geocoding
136,Khatai,"Xətai rayonu, Azərbaycan",40.37138348555286,49.95755087005888,OpenStreetMap via Nominatim reverse geocoding
126,Khatai,"Xətai rayonu, Azərbaycan",40.37127671739374,49.94577366328086,OpenStreetMap via Nominatim reverse geocoding
121,Nizami,"Nizami rayonu, Bakı, Azərbaycan",40.407199277148784,49.93342822244527,OpenStreetMap via Nominatim reverse geocoding
54,Narimanov,"Nərimanov rayonu, Bakı, Azərbaycan",40.40617231760103,49.82738042343811,OpenStreetMap via Nominatim reverse geocoding
72,Binagadi,"Binəqədi 1 siəd, Bakı, Binəqədi rayonu, Azərbaycan",40.424423610387,49.8506395989985,OpenStreetMap via Nominatim reverse geocoding
40,Nasimi,"Nəsimi rayonu, Bakı, Azərbaycan",40.39704496162337,49.81575554642429,OpenStreetMap via Nominatim reverse geocoding
41,Nasimi,"Nəsimi rayonu, Bakı, Azərbaycan",40.40605220872735,49.81559767796895,OpenStreetMap via Nominatim reverse geocoding
138,Khatai,"Xətai rayonu, Azərbaycan",40.38939891399047,49.95727312247951,OpenStreetMap via Nominatim reverse geocoding
77,Narimanov,"Nərimanov rayonu, Bakı, Azərbaycan",40.41553282403255,49.86257742218984,OpenStreetMap via Nominatim reverse geocoding
71,Binagadi,"Binəqədi 1 siəd, Bakı, Binəqədi rayonu, Azərbaycan",40.41541627954167,49.85079289674371,OpenStreetMap via Nominatim reverse geocoding
66,Sabail,"Səbail rayonu, Azərbaycan",40.37037940694563,49.851558348633645,OpenStreetMap via Nominatim reverse geocoding
88,Khatai,"Xətai rayonu, Azərbaycan",40.38873990226509,49.88659202812659,OpenStreetMap via Nominatim reverse geocoding
14,Yasamal,"Yasamal rayonu, Bakı, Azərbaycan",40.37878683615343,49.79251520648956,OpenStreetMap via Nominatim reverse geocoding
139,Nizami,"Nizami rayonu, Bakı, Azərbaycan",40.39840660650072,49.95713415466264,OpenStreetMap via Nominatim reverse geocoding
16,Yasamal,"Yasamal rayonu, Bakı, Azərbaycan",40.39680121990746,49.79219340913188,OpenStreetMap via Nominatim reverse geocoding
82,Narimanov,"Nərimanov rayonu, Bakı, Azərbaycan",40.39763331561623,49.87466212366102,OpenStreetMap via Nominatim reverse geocoding
122,Nizami,"Nizami rayonu, Bakı, Azərbaycan",40.416206872667935,49.93328598773774,OpenStreetMap via Nominatim reverse geocoding
28,Yasamal,"Yasamal rayonu, Bakı, Azərbaycan",40.40593089947791,49.80381500375839,OpenStreetMap via Nominatim reverse geocoding
64,Binagadi,"Binəqədi 1 siəd, Bakı, Binəqədi rayonu, Azərbaycan",40.42430582781844,49.838853571598094,OpenStreetMap via Nominatim reverse geocoding
130,Nizami,"Nizami rayonu, Bakı, Azərbaycan",40.40730738114102,49.94521164154812,OpenStreetMap via Nominatim reverse geocoding
29,Binagadi,"Binəqədi 2 siəd, Bakı, Binəqədi rayonu, Azərbaycan",40.414938093604896,49.80365549373705,OpenStreetMap via Nominatim reverse geocoding
131,Nizami,"Nizami rayonu, Bakı, Azərbaycan",40.41631501087158,49.9450709775266,OpenStreetMap via Nominatim reverse geocoding
42,Nasimi,"Nəsimi rayonu, Bakı, Azərbaycan",40.415059441243336,49.81543973825497,OpenStreetMap via Nominatim reverse geocoding
76,Narimanov,"Nərimanov rayonu, Bakı, Azərbaycan",40.406525441757935,49.86272908031573,OpenStreetMap via Nominatim reverse geocoding
80,Khatai,"Xətai rayonu, Azərbaycan",40.37961840539549,49.87496196049252,OpenStreetMap via Nominatim reverse geocoding
15,Yasamal,"Yasamal rayonu, Bakı, Azərbaycan",40.38779403533359,49.792354344111246,OpenStreetMap via Nominatim reverse geocoding
83,Narimanov,"Nərimanov rayonu, Bakı, Azərbaycan",40.40664074892003,49.874512103737615,OpenStreetMap via Nominatim reverse geocoding
63,Binagadi,"Binəqədi 1 siəd, Bakı, Binəqədi rayonu, Azərbaycan",40.41529853423268,49.83900844046683,OpenStreetMap via Nominatim reverse geocoding
140,Nizami,"Nizami rayonu, Bakı, Azərbaycan",40.40741428453736,49.95699512411852,OpenStreetMap via Nominatim reverse geocoding
27,Yasamal,"Yasamal rayonu, Bakı, Azərbaycan",40.39692369075284,49.80397444181299,OpenStreetMap via Nominatim reverse geocoding
62,Narimanov,"Nərimanov rayonu, Bakı, Azərbaycan",40.40629122607789,49.83916323945776,OpenStreetMap via Nominatim reverse geocoding
74,Nasimi,"Nəsimi rayonu, Bakı, Azərbaycan",40.38851063356395,49.86303219132464,OpenStreetMap via Nominatim reverse geocoding
73,Khatai,"Xətai rayonu, Azərbaycan",40.37950320764653,49.86318364427716,OpenStreetMap via Nominatim reverse geocoding
39,Yasamal,"Yasamal rayonu, Bakı, Azərbaycan",40.388037699932376,49.81591334365721,OpenStreetMap via Nominatim reverse geocoding
38,Yasamal,"Yasamal rayonu, Bakı, Azərbaycan",40.37903042365538,49.81607106970386,OpenStreetMap via Nominatim reverse geocoding
52,Nasimi,"Nəsimi rayonu, Bakı, Azərbaycan",40.38815773281751,49.82769295056328,OpenStreetMap via Nominatim reverse geocoding
53,Nasimi,"Nəsimi rayonu, Bakı, Azərbaycan",40.39716503249778,49.82753672225802,OpenStreetMap via Nominatim reverse geocoding
50,Yasamal,"Yasamal rayonu, Bakı, Azərbaycan",40.370143089729886,49.82800519577308,OpenStreetMap via Nominatim reverse geocoding
25,Yasamal,"Yasamal rayonu, Bakı, Azərbaycan",40.37890922951236,49.80429310216813,OpenStreetMap via Nominatim reverse geocoding
51,Yasamal,"Yasamal rayonu, Bakı, Azərbaycan",40.37915041856122,49.827849108389714,OpenStreetMap via Nominatim reverse geocoding
81,Khatai,"Xətai rayonu, Azərbaycan",40.38862586777437,49.87481207590119,OpenStreetMap via Nominatim reverse geocoding
75,Narimanov,"Nərimanov rayonu, Bakı, Azərbaycan",40.39751804493475,49.86288067001573,OpenStreetMap via Nominatim reverse geocoding
58,Sabail,"Səbail rayonu, Azərbaycan",40.37026184778758,49.839781737353086,OpenStreetMap via Nominatim reverse geocoding
26,Yasamal,"Yasamal rayonu, Bakı, Azərbaycan",40.38791646743066,49.80413380793739,OpenStreetMap via Nominatim reverse geocoding
70,Narimanov,"Nərimanov rayonu, Bakı, Azərbaycan",40.40640893413707,49.850946125319695,OpenStreetMap via Nominatim reverse geocoding
67,Nasimi,"Nəsimi rayonu, Bakı, Azərbaycan",40.37938681057752,49.85140539638347,OpenStreetMap via Nominatim reverse geocoding
61,Narimanov,"Nərimanov rayonu, Bakı, Azərbaycan",40.397283903355,49.83931796860639,OpenStreetMap via Nominatim reverse geocoding
68,Narimanov,"Nərimanov rayonu, Bakı, Azərbaycan",40.38839419965403,49.85125237510447,OpenStreetMap via Nominatim reverse geocoding
69,Narimanov,"Nərimanov rayonu, Bakı, Azərbaycan",40.39740157417421,49.85109928476157,OpenStreetMap via Nominatim reverse geocoding
60,Nasimi,"Nəsimi rayonu, Bakı, Azərbaycan",40.388276566065,49.83947262794819,OpenStreetMap via Nominatim reverse geocoding
59,Nasimi,"Nəsimi rayonu, Bakı, Azərbaycan",40.37926921420888,49.83962721751862,OpenStreetMap via Nominatim reverse geocoding
