store_name,store_format,address,opening_hours,latitude,longitude,in_baku_study_bbox,google_maps_url,source_url,collected_at_utc
Bravo Ahmedli,Hiper,Ramiz Guliyev street 4,24/7,40.375065,49.944576,True,"https://www.google.com/maps/dir/?api=1&origin=&destination=40.375065,49.944576&travelmode=driver",https://www.bravosupermarket.az/en/branches/,2026-09-24T15:16:39.828571+00:00
Bravo Koroghlu m/s,Hiper,Heydar Aliyev avenue 172,24/7,40.418194,49.913635,True,"https://www.google.com/maps/dir/?api=1&origin=&destination=40.418194,49.913635&travelmode=driver",https://www.bravosupermarket.az/en/branches/,2026-09-24T15:16:39.828571+00:00
Bravo 20 January m/s,Hiper,Tbilisi avenue 3007,24/7,40.401619,49.811024,True,"https://www.google.com/maps/dir/?api=1&origin=&destination=40.401619,49.811024&travelmode=driver",https://www.bravosupermarket.az/en/branches/,2026-09-24T15:16:39.828571+00:00
Bravo Ganclik Mall,Super,Fatali Khan Khoyski pr. 14,9:00 - 23:00,40.400177,49.852364,True,"https://www.google.com/maps/dir/?api=1&origin=&destination=40.400177,49.852364&travelmode=driver",https://www.bravosupermarket.az/en/branches/,2026-09-24T15:16:39.828571+00:00
Bravo Khatai m/s,Hiper,Babek avenue,24/7,40.387726,49.874157,True,"https://www.google.com/maps/dir/?api=1&origin=&destination=40.387726,49.874157&travelmode=driver",https://www.bravosupermarket.az/en/branches/,2026-09-24T15:16:39.828571+00:00
Bravo 28 Mall,Super,Azadlig avenue 15A,09:00 - 23:00,40.379128,49.846539,True,"https://www.google.com/maps/dir/?api=1&origin=&destination=40.379128,49.846539&travelmode=driver",https://www.bravosupermarket.az/en/branches/,2026-09-24T15:16:39.828571+00:00
Bravo Asad Ahmadov st.,Super,Asad Ahmedov street (Yeni Yasamal settlement),24/7,40.393997,49.795109,True,"https://www.google.com/maps/dir/?api=1&origin=&destination=40.393997,49.795109&travelmode=driver",https://www.bravosupermarket.az/en/branches/,2026-09-24T15:16:39.828571+00:00
Bravo Shamkir,Super,Baku - Qazakh way 406th km,07:00 - 02:00,40.853363,46.031227,False,"https://www.google.com/maps/dir/?api=1&origin=&destination=40.853363,46.031227&travelmode=driver",https://www.bravosupermarket.az/en/branches/,2026-09-24T15:16:39.828571+00:00
Bravo 8 November av.,Super,8 November avenue 102B,07:00 - 02:00,40.373058,49.926048,True,"https://www.google.com/maps/dir/?api=1&origin=&destination=40.373058,49.926048&travelmode=driver",https://www.bravosupermarket.az/en/branches/,2026-09-24T15:16:39.828571+00:00
Bravo Mardakan highway,Super,Mardakan highway,24/7,40.462429,50.082314,True,"https://www.google.com/maps/dir/?api=1&origin=&destination=40.462429,50.082314&travelmode=driver",https://www.bravosupermarket.az/en/branches/,2026-09-24T15:16:39.828571+00:00
Bravo Yeni Guneshli,Super,İlgar Musayev street,07:00 - 02:00,40.386593,49.97525,True,"https://www.google.com/maps/dir/?api=1&origin=&destination=40.386593,49.97525&travelmode=driver",https://www.bravosupermarket.az/en/branches/,2026-09-24T15:16:39.828571+00:00
Bravo Ramiz Qambarov st.,Super,"Bakikhanov settlement, Ramiz Qambarov street 2566",08:00 - 02:00,40.412334,49.954147,True,"https://www.google.com/maps/dir/?api=1&origin=&destination=40.412334,49.954147&travelmode=driver",https://www.bravosupermarket.az/en/branches/,2026-09-24T15:16:39.828571+00:00
Bravo Sumgait,Super,Uzeyir Hadjibeyov street 2,08:00 - 02:00,40.573364,49.691227,True,"https://www.google.com/maps/dir/?api=1&origin=&destination=40.573364,49.691227&travelmode=driver",https://www.bravosupermarket.az/en/branches/,2026-09-24T15:16:39.828571+00:00
Bravo Shovkat Mammadova st.,Super,Shovkat Mammadova street 2,24/7,40.419731,49.846649,True,"https://www.google.com/maps/dir/?api=1&origin=&destination=40.419731,49.846649&travelmode=driver",https://www.bravosupermarket.az/en/branches/,2026-09-24T15:16:39.828571+00:00
Bravo 20th area,Super,Shahlar Allahverdiyev street 6B,24/7,40.329807,49.818363,True,"https://www.google.com/maps/dir/?api=1&origin=&destination=40.329807,49.818363&travelmode=driver",https://www.bravosupermarket.az/en/branches/,2026-09-24T15:16:39.828571+00:00
Bravo Lokbatan,Super,"Lokbatan settlement, 28 May street",24/7,40.322475,49.732838,True,"https://www.google.com/maps/dir/?api=1&origin=&destination=40.322475,49.732838&travelmode=driver",https://www.bravosupermarket.az/en/branches/,2026-09-24T15:16:39.828571+00:00
Bravo Mirasadulla Mirgasimov st.,Market,Mirasadulla Mirgasimov street,07:00 - 23:00,40.395706,49.840885,True,"https://www.google.com/maps/dir/?api=1&origin=&destination=40.395706,49.840885&travelmode=driver",https://www.bravosupermarket.az/en/branches/,2026-09-24T15:16:39.828571+00:00
Bravo Ganja Mall,Market,"Heydar Aliyev avenue 433, Ganja Mall 1st floor",09:00 - 23:00,40.677006,46.35989,False,"https://www.google.com/maps/dir/?api=1&origin=&destination=40.677006,46.35989&travelmode=driver",https://www.bravosupermarket.az/en/branches/,2026-09-24T15:16:39.828571+00:00
Bravo Shuvalan,Super,"Shuvalan settlement, near Police Academy",,40.486343,50.166718,True,"https://www.google.com/maps/dir/?api=1&origin=&destination=40.486343,50.166718&travelmode=driver",https://www.bravosupermarket.az/en/branches/,2026-09-24T15:16:39.828571+00:00
Bravo Khirdalan,Super,Heydar Aliyev avenue,07:00 - 02:00,40.450523,49.744705,True,"https://www.google.com/maps/dir/?api=1&origin=&destination=40.450523,49.744705&travelmode=driver",https://www.bravosupermarket.az/en/branches/,2026-09-24T15:16:39.828571+00:00
Bravo Park Azure residence,Super,Afiaddin Jalilov street 27A,07:00 - 02:00,40.379177,49.875526,True,"https://www.google.com/maps/dir/?api=1&origin=&destination=40.379177,49.875526&travelmode=driver",https://www.bravosupermarket.az/en/branches/,2026-09-24T15:16:39.828571+00:00
Bravo Globus Center,Super,Jafar Jabbarli street 609,07:00 - 01:00,40.385128,49.828129,True,"https://www.google.com/maps/dir/?api=1&origin=&destination=40.385128,49.828129&travelmode=driver",https://www.bravosupermarket.az/en/branches/,2026-09-24T15:16:39.828571+00:00
Bravo Deniz Mall,Super,"Neftchilar avenue 26A, Deniz Mall 1st floor",09:00 - 23:00 (only in summer 09:00 - 02:00),40.358597,49.838146,True,"https://www.google.com/maps/dir/?api=1&origin=&destination=40.358597,49.838146&travelmode=driver",https://www.bravosupermarket.az/en/branches/,2026-09-24T15:16:39.828571+00:00
Bravo Sabah residence,Market,Khanlar Aliyev street 10,07:00 - 23:00,40.350815,49.832806,True,"https://www.google.com/maps/dir/?api=1&origin=&destination=40.350815,49.832806&travelmode=driver",https://www.bravosupermarket.az/en/branches/,2026-09-24T15:16:39.828571+00:00
Bravo Baghcali sheher residence,Market,"Sumgait city, Sulh avenue 20B",08:00 - 23:00,40.574696,49.643204,True,"https://www.google.com/maps/dir/?api=1&origin=&destination=40.574696,49.643204&travelmode=driver",https://www.bravosupermarket.az/en/branches/,2026-09-24T15:16:39.828571+00:00
Bravo Zefir Mall,Market,Zefir Mall 1st floor,09:00 - 23:00,40.376522,49.793922,True,"https://www.google.com/maps/dir/?api=1&origin=&destination=40.376522,49.793922&travelmode=driver",https://www.bravosupermarket.az/en/branches/,2026-09-24T15:16:39.828571+00:00
"Bravo ""Chocolate Tower"" residence",Market,Hasan bay Zardabi avenue,07:00 - 02:00,40.380783,49.809059,True,"https://www.google.com/maps/dir/?api=1&origin=&destination=40.380783,49.809059&travelmode=driver",https://www.bravosupermarket.az/en/branches/,2026-09-24T15:16:39.828571+00:00
Bravo Asad Ahmadov st.22,Market,Asad Ahmadov street 22,07:00 - 02:00,40.38805,49.7878,True,"https://www.google.com/maps/dir/?api=1&origin=&destination=40.38805,49.7878&travelmode=driver",https://www.bravosupermarket.az/en/branches/,2026-09-24T15:16:39.828571+00:00
Bravo Shuvalan Park,Market,Almas İldyrim street 68,09:00 - 23:00 (only in summer 09:00 - 00:00),40.484509,50.183918,True,"https://www.google.com/maps/dir/?api=1&origin=&destination=40.484509,50.183918&travelmode=driver",https://www.bravosupermarket.az/en/branches/,2026-09-24T15:16:39.828571+00:00
Bravo Ganja station,Market,Ganja - Shamkir highway,08:00 - 23:00,40.701084,46.321404,False,"https://www.google.com/maps/dir/?api=1&origin=&destination=40.701084,46.321404&travelmode=driver",https://www.bravosupermarket.az/en/branches/,2026-09-24T15:16:39.828571+00:00
Bravo Amburan Mall,Market,"Bilgah settlement, Amburan Mall 1st floor",09:00 - 23:00 (only in summer 24/7),40.588303,50.058319,True,"https://www.google.com/maps/dir/?api=1&origin=&destination=40.588303,50.058319&travelmode=driver",https://www.bravosupermarket.az/en/branches/,2026-09-24T15:16:39.828571+00:00
Bravo Sharifzade Center residence,Super,Abbas Mirza Sharifzade street 380A,07:00 - 02:00,40.383671,49.80405,True,"https://www.google.com/maps/dir/?api=1&origin=&destination=40.383671,49.80405&travelmode=driver",https://www.bravosupermarket.az/en/branches/,2026-09-24T15:16:39.828571+00:00
Bravo Mir Jalal st.,Market,"4th mcr, Mir Jalal street 2A",07:00-23:00,40.412987,49.804237,True,"https://www.google.com/maps/dir/?api=1&origin=&destination=40.412987,49.804237&travelmode=driver",https://www.bravosupermarket.az/en/branches/,2026-09-24T15:16:39.828571+00:00
Bravo Samad Vughun st.,Super,Samad Vurghun street,07:00 - 02:00,40.38628,49.837585,True,"https://www.google.com/maps/dir/?api=1&origin=&destination=40.38628,49.837585&travelmode=driver",https://www.bravosupermarket.az/en/branches/,2026-09-24T15:16:39.828571+00:00
Bravo A.M.Sharifzade st.,Market,"Abbas Mirza Sharifzade street 231-233, near Baku Medicine collage",07:00 - 02:00,40.39856,49.801273,True,"https://www.google.com/maps/dir/?api=1&origin=&destination=40.39856,49.801273&travelmode=driver",https://www.bravosupermarket.az/en/branches/,2026-09-24T15:16:39.828571+00:00
Bravo Winter park,Super,"Mahammad Fuzuli street, in front of Winter park",24/7,40.376831,49.835712,True,"https://www.google.com/maps/dir/?api=1&origin=&destination=40.376831,49.835712&travelmode=driver",https://www.bravosupermarket.az/en/branches/,2026-09-24T15:16:39.828571+00:00
Bravo Babek av.,Market,"Babek avenue 94, near Sarhadchi Sport complex",07:00 - 02:00,40.394787,49.963158,True,"https://www.google.com/maps/dir/?api=1&origin=&destination=40.394787,49.963158&travelmode=driver",https://www.bravosupermarket.az/en/branches/,2026-09-24T15:16:39.828571+00:00
"Bravo ""Qesr"" residence",Market,"Masazır settlement, Aliagha Vahid street 281",08:00 - 23:00,40.484016,49.757584,True,"https://www.google.com/maps/dir/?api=1&origin=&destination=40.484016,49.757584&travelmode=driver",https://www.bravosupermarket.az/en/branches/,2026-09-24T15:16:39.828571+00:00
Bravo Azadlig av.,Super,"Narimanov region, Azadlig avenue 145",24/7,40.401787,49.837296,True,"https://www.google.com/maps/dir/?api=1&origin=&destination=40.401787,49.837296&travelmode=driver",https://www.bravosupermarket.az/en/branches/,2026-09-24T15:16:39.828571+00:00
Bravo İstanbul houses,Market,"Binagadi region, Ajami Nakhchivani street 39L",07:00 - 02:00,40.41621,49.840031,True,"https://www.google.com/maps/dir/?api=1&origin=&destination=40.41621,49.840031&travelmode=driver",https://www.bravosupermarket.az/en/branches/,2026-09-24T15:16:39.828571+00:00
Bravo Fatali khan Khoyski st.,Super,"Fatali khan Khoyski street, near №5 Hospital",24/7,40.403156,49.864838,True,"https://www.google.com/maps/dir/?api=1&origin=&destination=40.403156,49.864838&travelmode=driver",https://www.bravosupermarket.az/en/branches/,2026-09-24T15:16:39.828571+00:00
Bravo Renessance Palace residence,Market,Zahid Khalilov street 576,07:00 - 02:00,40.384518,49.812393,True,"https://www.google.com/maps/dir/?api=1&origin=&destination=40.384518,49.812393&travelmode=driver",https://www.bravosupermarket.az/en/branches/,2026-09-24T15:16:39.828571+00:00
Bravo Park Khatai residence,Market,Ganja avenue 2942A,07:00 - 02:00,40.365807,49.959637,True,"https://www.google.com/maps/dir/?api=1&origin=&destination=40.365807,49.959637&travelmode=driver",https://www.bravosupermarket.az/en/branches/,2026-09-24T15:16:39.828571+00:00
Bravo Whitestone residence,Market,Karabagh street 68,07:00 - 02:00,40.391796,49.860645,True,"https://www.google.com/maps/dir/?api=1&origin=&destination=40.391796,49.860645&travelmode=driver",https://www.bravosupermarket.az/en/branches/,2026-09-24T15:16:39.828571+00:00
Bravo Roseville residence,Market,Kazim Kazimzade street 30,08:00 - 23:00,40.390942,49.849545,True,"https://www.google.com/maps/dir/?api=1&origin=&destination=40.390942,49.849545&travelmode=driver",https://www.bravosupermarket.az/en/branches/,2026-09-24T15:16:39.828571+00:00
Bravo Sabit Orujov st.,Market,Sabit Orujov street 13,07:00 - 23:00,40.380573,49.866737,True,"https://www.google.com/maps/dir/?api=1&origin=&destination=40.380573,49.866737&travelmode=driver",https://www.bravosupermarket.az/en/branches/,2026-09-24T15:16:39.828571+00:00
"Bravo Yasamal ""Asan Service""",Market,Abbas Mirza Sharifzade street 66,07:00-02:00,40.37822,49.804775,True,"https://www.google.com/maps/dir/?api=1&origin=&destination=40.37822,49.804775&travelmode=driver",https://www.bravosupermarket.az/en/branches/,2026-09-24T15:16:39.828571+00:00
Bravo Bakikhanov Mall,Market,"Bakikhanov settlement, Yaver Aliyev street 132",08:00 - 23:00,40.432003,49.954494,True,"https://www.google.com/maps/dir/?api=1&origin=&destination=40.432003,49.954494&travelmode=driver",https://www.bravosupermarket.az/en/branches/,2026-09-24T15:16:39.828571+00:00
Bravo Tabriz st.,Market,Tabriz street 41,06:00 - 02:00,40.393024,49.857925,True,"https://www.google.com/maps/dir/?api=1&origin=&destination=40.393024,49.857925&travelmode=driver",https://www.bravosupermarket.az/en/branches/,2026-09-24T15:16:39.828571+00:00
Bravo Bilgah,Market,"Nardaran settlement, ""Azerbaijan Qadini"" street",09:00 - 23:00 (only in summer 24/7),40.554775,50.022442,True,"https://www.google.com/maps/dir/?api=1&origin=&destination=40.554775,50.022442&travelmode=driver",https://www.bravosupermarket.az/en/branches/,2026-09-24T15:16:39.828571+00:00
Bravo Adil İsgandarov st.,Market,"Ganja city, Adil İsgandarov street 2",24/7,40.677341,46.371674,False,"https://www.google.com/maps/dir/?api=1&origin=&destination=40.677341,46.371674&travelmode=driver",https://www.bravosupermarket.az/en/branches/,2026-09-24T15:16:39.828571+00:00
Bravo Adil Mammadov st.,Market,Adil Mammadov street 42C,08:00 - 23:00,40.421795,49.809044,True,"https://www.google.com/maps/dir/?api=1&origin=&destination=40.421795,49.809044&travelmode=driver",https://www.bravosupermarket.az/en/branches/,2026-09-24T15:16:39.828571+00:00
Bravo Khagani st.,Express,Khagani street 26/32,07:00-02:00,40.374973,49.850178,True,"https://www.google.com/maps/dir/?api=1&origin=&destination=40.374973,49.850178&travelmode=driver",https://www.bravosupermarket.az/en/branches/,2026-09-24T15:16:39.828571+00:00
Bravo Bulbul st.,Express,Bulbul avenue 18,24/7,40.374413,49.843643,True,"https://www.google.com/maps/dir/?api=1&origin=&destination=40.374413,49.843643&travelmode=driver",https://www.bravosupermarket.az/en/branches/,2026-09-24T15:16:39.828571+00:00
Bravo Life Center residence,Express,"Narimanov region, Ahmad Rajabli avenue",07:00 - 02:00,40.403027,49.867691,True,"https://www.google.com/maps/dir/?api=1&origin=&destination=40.403027,49.867691&travelmode=driver",https://www.bravosupermarket.az/en/branches/,2026-09-24T15:16:39.828571+00:00
Bravo Sabunchu,Express,"Sabunchu settlement, near №3 Hospital",07:00 - 00:00,40.443058,49.942692,True,"https://www.google.com/maps/dir/?api=1&origin=&destination=40.443058,49.942692&travelmode=driver",https://www.bravosupermarket.az/en/branches/,2026-09-24T15:16:39.828571+00:00
"Bravo ""Rahatlıq məkanı"" residence",Market,Alif Hajiyev street,07:00 - 02:00,40.416355,49.933159,True,"https://www.google.com/maps/dir/?api=1&origin=&destination=40.416355,49.933159&travelmode=driver",https://www.bravosupermarket.az/en/branches/,2026-09-24T15:16:39.828571+00:00
Bravo Akhundov park,Express,Ahmad Javad street 3,07:00-07:00,40.368645,49.830395,True,"https://www.google.com/maps/dir/?api=1&origin=&destination=40.368645,49.830395&travelmode=driver",https://www.bravosupermarket.az/en/branches/,2026-09-24T15:16:39.828571+00:00
Bravo Azinko residence,Express,Aliyar Aliyev street 26,07:00 - 02:00,40.406548,49.876183,True,"https://www.google.com/maps/dir/?api=1&origin=&destination=40.406548,49.876183&travelmode=driver",https://www.bravosupermarket.az/en/branches/,2026-09-24T15:16:39.828571+00:00
Bravo M.K.Ataturk av.,Express,Mustafa Kamal Ataturk avenue 27,24/7,40.408398,49.847549,True,"https://www.google.com/maps/dir/?api=1&origin=&destination=40.408398,49.847549&travelmode=driver",https://www.bravosupermarket.az/en/branches/,2026-09-24T15:16:39.828571+00:00
"Bravo ""Baku Tennis Academy""",Express,"8th mcr, İbrahimpasha Dadashov street",07:00 - 02:00,40.422466,49.842594,True,"https://www.google.com/maps/dir/?api=1&origin=&destination=40.422466,49.842594&travelmode=driver",https://www.bravosupermarket.az/en/branches/,2026-09-24T15:16:39.828571+00:00
Bravo Mahammad Khiyabani st.,Express,Mahammad Khiyabani street 202A,07:00 - 00:00,40.399067,49.792599,True,"https://www.google.com/maps/dir/?api=1&origin=&destination=40.399067,49.792599&travelmode=driver",https://www.bravosupermarket.az/en/branches/,2026-09-24T15:16:39.828571+00:00
Bravo Sumgait Railway st.,Express,Sumgait Railway station,06:30 - 00:00,40.56197,49.681252,True,"https://www.google.com/maps/dir/?api=1&origin=&destination=40.56197,49.681252&travelmode=driver",https://www.bravosupermarket.az/en/branches/,2026-09-24T15:16:39.828571+00:00
Bravo Huseyn Seyidzade st.,Express,Huseyn Seyidzade street 56,07:00-02:00,40.415878,49.819038,True,"https://www.google.com/maps/dir/?api=1&origin=&destination=40.415878,49.819038&travelmode=driver",https://www.bravosupermarket.az/en/branches/,2026-09-24T15:16:39.828571+00:00
Bravo Khalglar Dostlughu m/s,Express,Bahruz Nuriyev street 2383,07:00 - 00:00,40.402592,49.955204,True,"https://www.google.com/maps/dir/?api=1&origin=&destination=40.402592,49.955204&travelmode=driver",https://www.bravosupermarket.az/en/branches/,2026-09-24T15:16:39.828571+00:00
Bravo Jamshid Nakhchivanski st.,Express,Jamshid Nakhchivanski street 51,00:00 - 00:00,40.406052,49.949257,True,"https://www.google.com/maps/dir/?api=1&origin=&destination=40.406052,49.949257&travelmode=driver",https://www.bravosupermarket.az/en/branches/,2026-09-24T15:16:39.828571+00:00
Bravo Binagadi,Express,"Binagadi region, ""Xarici Dairəvi"" street 16C",08:00 -23:00,40.429462,49.849884,True,"https://www.google.com/maps/dir/?api=1&origin=&destination=40.429462,49.849884&travelmode=driver",https://www.bravosupermarket.az/en/branches/,2026-09-24T15:16:39.828571+00:00
Bravo Ganja Railway st.,Express,Zulfu Hajiyev street 8,08:00 - 22:00,40.713882,46.367138,False,"https://www.google.com/maps/dir/?api=1&origin=&destination=40.713882,46.367138&travelmode=driver",https://www.bravosupermarket.az/en/branches/,2026-09-24T15:16:39.828571+00:00
Bravo Sabunchu Railway st.,Express,Asildar Mammadaliyev street,07:00 - 23:00,40.446301,49.946194,True,"https://www.google.com/maps/dir/?api=1&origin=&destination=40.446301,49.946194&travelmode=driver",https://www.bravosupermarket.az/en/branches/,2026-09-24T15:16:39.828571+00:00
Bravo Ganja av.,Express,"Ahmadli settlement, Ganja avenue",07:00 - 23:00,40.358143,49.961662,True,"https://www.google.com/maps/dir/?api=1&origin=&destination=40.358143,49.961662&travelmode=driver",https://www.bravosupermarket.az/en/branches/,2026-09-24T15:16:39.828571+00:00
Bravo Abdulvahab Salamzade st.,Express,Abdulvahab Salamzade street 7,07:00 - 02:00,40.393284,49.810108,True,"https://www.google.com/maps/dir/?api=1&origin=&destination=40.393284,49.810108&travelmode=driver",https://www.bravosupermarket.az/en/branches/,2026-09-24T15:16:39.828571+00:00
Bravo Zahid Khalilov st.,Express,Zahid Khalilov street 568,07:00 - 02:00,40.379364,49.811714,True,"https://www.google.com/maps/dir/?api=1&origin=&destination=40.379364,49.811714&travelmode=driver",https://www.bravosupermarket.az/en/branches/,2026-09-24T15:16:39.828571+00:00
Bravo Rifah Palace residence,Express,Mirasadulla Mirgasimov street 8,07:00-02:00,40.394775,49.838371,True,"https://www.google.com/maps/dir/?api=1&origin=&destination=40.394775,49.838371&travelmode=driver",https://www.bravosupermarket.az/en/branches/,2026-09-24T15:16:39.828571+00:00
Bravo 20 January st.,Express,"Nasimi region, 20 January street",07:00 - 02:00,40.412437,49.809032,True,"https://www.google.com/maps/dir/?api=1&origin=&destination=40.412437,49.809032&travelmode=driver",https://www.bravosupermarket.az/en/branches/,2026-09-24T15:16:39.828571+00:00
Bravo Sahil m/s,Express,Khagani street 21,07:00 - 02:00,40.373371,49.844433,True,"https://www.google.com/maps/dir/?api=1&origin=&destination=40.373371,49.844433&travelmode=driver",https://www.bravosupermarket.az/en/branches/,2026-09-24T15:16:39.828571+00:00
Bravo Jeyhun Hajibayli st.,Express,Jeyhun Hajibeyli street 8,07:00 - 02:00,40.385174,49.848789,True,"https://www.google.com/maps/dir/?api=1&origin=&destination=40.385174,49.848789&travelmode=driver",https://www.bravosupermarket.az/en/branches/,2026-09-24T15:16:39.828571+00:00
Bravo Svetlana Mammadova st.,Express,Svetlana Mammadova street 122,07:00 - 02:00,40.424446,49.823261,True,"https://www.google.com/maps/dir/?api=1&origin=&destination=40.424446,49.823261&travelmode=driver",https://www.bravosupermarket.az/en/branches/,2026-09-24T15:16:39.828571+00:00
Bravo Park Bayil residence,Express,Gurban Abbasov street 27,07:00 - 23:00,40.344589,49.838936,True,"https://www.google.com/maps/dir/?api=1&origin=&destination=40.344589,49.838936&travelmode=driver",https://www.bravosupermarket.az/en/branches/,2026-09-24T15:16:39.828571+00:00
Bravo Sea Breeze residence,Express,"Nardaran settlement, Sea Breeze residence",24/7,40.587234,49.985023,True,"https://www.google.com/maps/dir/?api=1&origin=&destination=40.587234,49.985023&travelmode=driver",https://www.bravosupermarket.az/en/branches/,2026-09-24T15:16:39.828571+00:00
Bravo 20 January m/s,Express,Hasan bay Zardabi avenue 811,07:00 - 23:00,40.403976,49.806622,True,"https://www.google.com/maps/dir/?api=1&origin=&destination=40.403976,49.806622&travelmode=driver",https://www.bravosupermarket.az/en/branches/,2026-09-24T15:16:39.828571+00:00
Bravo Azerbaijan av.,Express,Azerbaijan avenue 23,07:00 - 00:00,40.372826,49.832901,True,"https://www.google.com/maps/dir/?api=1&origin=&destination=40.372826,49.832901&travelmode=driver",https://www.bravosupermarket.az/en/branches/,2026-09-24T15:16:39.828571+00:00
Bravo Aliashraf Alizade st.,Express,Aliashraf Alizade street 65,07:00 - 23:00,40.41124,49.870834,True,"https://www.google.com/maps/dir/?api=1&origin=&destination=40.41124,49.870834&travelmode=driver",https://www.bravosupermarket.az/en/branches/,2026-09-24T15:16:39.828571+00:00
Bravo Javadkhan st.,Express,Javadkhan street 4A,07:00 - 23:00,40.419746,49.818203,True,"https://www.google.com/maps/dir/?api=1&origin=&destination=40.419746,49.818203&travelmode=driver",https://www.bravosupermarket.az/en/branches/,2026-09-24T15:16:39.828571+00:00
Bravo Bashir Safaroghlu st.,Express,Tabriz Khalilbayli street 31A,24/7,40.373669,49.83382,True,"https://www.google.com/maps/dir/?api=1&origin=&destination=40.373669,49.83382&travelmode=driver",https://www.bravosupermarket.az/en/branches/,2026-09-24T15:16:39.828571+00:00
Bravo Bakir Chobanzade st.,Express,Bakir Chobanzade street 46A,07:00-02:00,40.411163,49.931221,True,"https://www.google.com/maps/dir/?api=1&origin=&destination=40.411163,49.931221&travelmode=driver",https://www.bravosupermarket.az/en/branches/,2026-09-24T15:16:39.828571+00:00
Bravo Park City residence,Express,Rustam Rustamov street 72A,08:00 - 22:00,40.410393,49.950638,True,"https://www.google.com/maps/dir/?api=1&origin=&destination=40.410393,49.950638&travelmode=driver",https://www.bravosupermarket.az/en/branches/,2026-09-24T15:16:39.828571+00:00
Bravo Akim Abbasov st.,Express,General Akim Abbasov street 1,07:00 - 00:00,40.385593,49.804523,True,"https://www.google.com/maps/dir/?api=1&origin=&destination=40.385593,49.804523&travelmode=driver",https://www.bravosupermarket.az/en/branches/,2026-09-24T15:16:39.828571+00:00
Bravo Sabit Rahman st.,Express,Sabit Rahman street 82B,07:00 - 23:00,40.399803,49.83371,True,"https://www.google.com/maps/dir/?api=1&origin=&destination=40.399803,49.83371&travelmode=driver",https://www.bravosupermarket.az/en/branches/,2026-09-24T15:16:39.828571+00:00
Bravo Mahammad Hadi st. 136,Express,Mahammad Hadi street 136A,07:00 - 23:00,40.390984,49.953701,True,"https://www.google.com/maps/dir/?api=1&origin=&destination=40.390984,49.953701&travelmode=driver",https://www.bravosupermarket.az/en/branches/,2026-09-24T15:16:39.828571+00:00
Bravo Chinar Park residence,Express,Ziya Bunyadov avenue 1965,07:00 - 23:00,40.415352,49.857815,True,"https://www.google.com/maps/dir/?api=1&origin=&destination=40.415352,49.857815&travelmode=driver",https://www.bravosupermarket.az/en/branches/,2026-09-24T15:16:39.828571+00:00
Bravo M.F.Akhundov st.,Express,Mirza Fatali Akhundov street 179,08:00 - 02:00,40.383011,49.825718,True,"https://www.google.com/maps/dir/?api=1&origin=&destination=40.383011,49.825718&travelmode=driver",https://www.bravosupermarket.az/en/branches/,2026-09-24T15:16:39.828571+00:00
Bravo Nasimi st.,Express,"Nizami region, Nasimi street 214",07:00 - 23:00,40.414333,49.94532,True,"https://www.google.com/maps/dir/?api=1&origin=&destination=40.414333,49.94532&travelmode=driver",https://www.bravosupermarket.az/en/branches/,2026-09-24T15:16:39.828571+00:00
Bravo Suleyman Vazirov st.,Express,Khojali avenue 29,07:00 - 02:00,40.383778,49.870468,True,"https://www.google.com/maps/dir/?api=1&origin=&destination=40.383778,49.870468&travelmode=driver",https://www.bravosupermarket.az/en/branches/,2026-09-24T15:16:39.828571+00:00
Bravo Sattar Bahlulzade st.,Express,Sattar Bahlulzade street 1,07:00 - 00:00,40.413254,49.837021,True,"https://www.google.com/maps/dir/?api=1&origin=&destination=40.413254,49.837021&travelmode=driver",https://www.bravosupermarket.az/en/branches/,2026-09-24T15:16:39.828571+00:00
Bravo A.Bakikhanov st.,Express,Abbasgulu agha Bakikhanov street 35-37,07:00 - 23:00,40.390858,49.845531,True,"https://www.google.com/maps/dir/?api=1&origin=&destination=40.390858,49.845531&travelmode=driver",https://www.bravosupermarket.az/en/branches/,2026-09-24T15:16:39.828571+00:00
Bravo S.A.Shirvani st.,Express,Seyid Azim Shirvani street 29,07:00 - 00:00,40.39259,49.961163,True,"https://www.google.com/maps/dir/?api=1&origin=&destination=40.39259,49.961163&travelmode=driver",https://www.bravosupermarket.az/en/branches/,2026-09-24T15:16:39.828571+00:00
Bravo Khan Shushinski st.,Express,Khan Shushinski street,07:00 - 00:00,40.398853,49.836044,True,"https://www.google.com/maps/dir/?api=1&origin=&destination=40.398853,49.836044&travelmode=driver",https://www.bravosupermarket.az/en/branches/,2026-09-24T15:16:39.828571+00:00
Bravo Gulustan Residence,Express,Bulbul avenue 60,07:00-02:00,40.380642,49.841648,True,"https://www.google.com/maps/dir/?api=1&origin=&destination=40.380642,49.841648&travelmode=driver",https://www.bravosupermarket.az/en/branches/,2026-09-24T15:16:39.828571+00:00
Bravo Jalil Mammadguluzade st.,Express,Jalil Mammadguluzade street 988,07:00 - 23:00,40.395691,49.829384,True,"https://www.google.com/maps/dir/?api=1&origin=&destination=40.395691,49.829384&travelmode=driver",https://www.bravosupermarket.az/en/branches/,2026-09-24T15:16:39.828571+00:00
Bravo İbrahimpasha Dadashov st.,Express,İbrahimpasha Dadashov street 57,07:00 - 23:00,40.411991,49.843002,True,"https://www.google.com/maps/dir/?api=1&origin=&destination=40.411991,49.843002&travelmode=driver",https://www.bravosupermarket.az/en/branches/,2026-09-24T15:16:39.828571+00:00
Bravo A.M.Sharifzade st. 301,Express,Abbas Mirza Sharifzade street 301A,07:00 - 23:00,40.391216,49.802288,True,"https://www.google.com/maps/dir/?api=1&origin=&destination=40.391216,49.802288&travelmode=driver",https://www.bravosupermarket.az/en/branches/,2026-09-24T15:16:39.828571+00:00
Bravo Hazi Aslanov m/s,Express,Mahammad Hadi street 76,07:00 - 02:00,40.373547,49.953789,True,"https://www.google.com/maps/dir/?api=1&origin=&destination=40.373547,49.953789&travelmode=driver",https://www.bravosupermarket.az/en/branches/,2026-09-24T15:16:39.828571+00:00
Bravo Huseyn Javid av.,Express,Huseyn Javid avenue 55,07:00 - 00:00,40.377781,49.81575,True,"https://www.google.com/maps/dir/?api=1&origin=&destination=40.377781,49.81575&travelmode=driver",https://www.bravosupermarket.az/en/branches/,2026-09-24T15:16:39.828571+00:00
Bravo White City residence,Express,Khagani Rustamov street 23,07:00 - 23:00,40.382687,49.880829,True,"https://www.google.com/maps/dir/?api=1&origin=&destination=40.382687,49.880829&travelmode=driver",https://www.bravosupermarket.az/en/branches/,2026-09-24T15:16:39.828571+00:00
Bravo Zarifa Aliyeva st.,Express,Zarifa Aliyeva avenue 55,07:00 - 00:00,40.375481,49.857346,True,"https://www.google.com/maps/dir/?api=1&origin=&destination=40.375481,49.857346&travelmode=driver",https://www.bravosupermarket.az/en/branches/,2026-09-24T15:16:39.828571+00:00
Bravo Nasib bey Yusifbayli st.,Express,Nasib bay Yusifbayli street 74,07:00 - 00:00,40.398125,49.840244,True,"https://www.google.com/maps/dir/?api=1&origin=&destination=40.398125,49.840244&travelmode=driver",https://www.bravosupermarket.az/en/branches/,2026-09-24T15:16:39.828571+00:00
Bravo Zumrud Residence,Express,Alasgar Huseynov street 5,08:00 - 23:00,40.397938,49.862251,True,"https://www.google.com/maps/dir/?api=1&origin=&destination=40.397938,49.862251&travelmode=driver",https://www.bravosupermarket.az/en/branches/,2026-09-24T15:16:39.828571+00:00
Bravo Mehdi Huseynzade st.,Express,"Khirdalan city, Mehdi Huseynzade street 26",07:00 - 00:00,40.459766,49.744411,True,"https://www.google.com/maps/dir/?api=1&origin=&destination=40.459766,49.744411&travelmode=driver",https://www.bravosupermarket.az/en/branches/,2026-09-24T15:16:39.828571+00:00
Bravo Uzbekistan st.,Express,"Nizami region, Mehdi Abbasov street 15A",07:00 - 23:00,40.414879,49.927147,True,"https://www.google.com/maps/dir/?api=1&origin=&destination=40.414879,49.927147&travelmode=driver",https://www.bravosupermarket.az/en/branches/,2026-09-24T15:16:39.828571+00:00
Bravo Agha Nematulla st.,Express,Agha Nematulla street 209,07:00 - 02:00,40.407623,49.86845,True,"https://www.google.com/maps/dir/?api=1&origin=&destination=40.407623,49.86845&travelmode=driver",https://www.bravosupermarket.az/en/branches/,2026-09-24T15:16:39.828571+00:00
"Bravo ""Qurtuluş"" residence -1",Express,"Masazır settlement, İstiglaliyyat street",07:00 - 23:00,40.49086,49.754726,True,"https://www.google.com/maps/dir/?api=1&origin=&destination=40.49086,49.754726&travelmode=driver",https://www.bravosupermarket.az/en/branches/,2026-09-24T15:16:39.828571+00:00
Bravo Said Rustamov st.,Express,"Sabail region, Hasan Abdullayev street",07:00 - 00:00,40.368454,49.82917,True,"https://www.google.com/maps/dir/?api=1&origin=&destination=40.368454,49.82917&travelmode=driver",https://www.bravosupermarket.az/en/branches/,2026-09-24T15:16:39.828571+00:00
Bravo Hovsan,Express,"Hovsan settlement, Ilgar Ahlimanov street 159D",07:00 - 23:00,40.360592,50.078354,True,"https://www.google.com/maps/dir/?api=1&origin=&destination=40.360592,50.078354&travelmode=driver",https://www.bravosupermarket.az/en/branches/,2026-09-24T15:16:39.828571+00:00
Bravo Khirdalan -2,Express,"Khirdalan city, Heydar Aliyev avenue 240",08:00 - 02:00,40.45578,49.736412,True,"https://www.google.com/maps/dir/?api=1&origin=&destination=40.45578,49.736412&travelmode=driver",https://www.bravosupermarket.az/en/branches/,2026-09-24T15:16:39.828571+00:00
Bravo Uzeyir Hajibeyov st.,Express,"Sabail region, Samad Vurghun street 3",24/7,40.371468,49.842682,True,"https://www.google.com/maps/dir/?api=1&origin=&destination=40.371468,49.842682&travelmode=driver",https://www.bravosupermarket.az/en/branches/,2026-09-24T15:16:39.828571+00:00
Bravo Ahmedli m/s,Express,"Khatai region, Mahammad Hadi street 182",07:00-02:00,40.385784,49.953472,True,"https://www.google.com/maps/dir/?api=1&origin=&destination=40.385784,49.953472&travelmode=driver",https://www.bravosupermarket.az/en/branches/,2026-09-24T15:16:39.828571+00:00
Bravo Mashtagha,Express,"Mashtagha settlement, Nizami street 97",08:00 - 23:00,40.53167,49.991234,True,"https://www.google.com/maps/dir/?api=1&origin=&destination=40.53167,49.991234&travelmode=driver",https://www.bravosupermarket.az/en/branches/,2026-09-24T15:16:39.828571+00:00
Bravo Buzovna,Express,"Mardakan settlement, Buzovna-Mardakan road",08:00 - 23:00,40.511261,50.140347,True,"https://www.google.com/maps/dir/?api=1&origin=&destination=40.511261,50.140347&travelmode=driver",https://www.bravosupermarket.az/en/branches/,2026-09-24T15:16:39.828571+00:00
Bravo Binagadi highway,Market,"Binagadi settlement, Binagadi highway, 1st street",08:00 - 23:00,40.44939,49.843666,True,"https://www.google.com/maps/dir/?api=1&origin=&destination=40.44939,49.843666&travelmode=driver",https://www.bravosupermarket.az/en/branches/,2026-09-24T15:16:39.828571+00:00
Bravo Tovuz,Market,"Hazi Aslanov street, Tovuz city",08:00 - 23:00,40.991013,45.615772,False,"https://www.google.com/maps/dir/?api=1&origin=&destination=40.991013,45.615772&travelmode=driver",https://www.bravosupermarket.az/en/branches/,2026-09-24T15:16:39.828571+00:00
"Bravo Premium ""Sea Breeze""",,Premium,,40.588493,49.98732,True,"https://www.google.com/maps/dir/?api=1&origin=&destination=40.588493,49.98732&travelmode=driver",https://www.bravosupermarket.az/en/branches/,2026-09-24T15:16:39.828571+00:00
"Bravo ""AAAF Park"" residence",Express,"167 H. Aliyev avenue, AAAF park legal complex, street No. 28, building 5",07:00 - 23:00,40.459625,49.720074,True,"https://www.google.com/maps/dir/?api=1&origin=&destination=40.459625,49.720074&travelmode=driver",https://www.bravosupermarket.az/en/branches/,2026-09-24T15:16:39.828571+00:00
Bravo İsmayil Hidayetzade,Market,"Narimanov district, Ismayil Hidayatzadeh street, house 130",,40.393917,49.87215,True,"https://www.google.com/maps/dir/?api=1&origin=&destination=40.393917,49.87215&travelmode=driver",https://www.bravosupermarket.az/en/branches/,2026-09-24T15:16:39.828571+00:00
Bravo Khirdalan H. Aliyev pr-2,Market,"Khirdalan city, H. Aliyev avenue 263",07:00 - 00:00,40.463448,49.724785,True,"https://www.google.com/maps/dir/?api=1&origin=&destination=40.463448,49.724785&travelmode=driver",https://www.bravosupermarket.az/en/branches/,2026-09-24T15:16:39.828571+00:00
Bravo Qadir Mammadov,Market,"Khatai district, Gadir Mammadov 40",08:00 - 02:00,40.368393,49.948143,True,"https://www.google.com/maps/dir/?api=1&origin=&destination=40.368393,49.948143&travelmode=driver",https://www.bravosupermarket.az/en/branches/,2026-09-24T15:16:39.828571+00:00
Bravo Xudu Məmmədov,Market,"Xətai rayonu, Əhmədli qəsəbəsi, Xudu Məmmədov küçəsi",8:00-23:00,,,False,"https://www.google.com/maps/dir/?api=1&origin=&destination=,&travelmode=driver",https://www.bravosupermarket.az/en/branches/,2026-09-24T15:16:39.828571+00:00
Bravo A. Abbaszade str.,Express,"Badamdar settlement, Abbasgulu Abbaszade street 59 A",08:00 - 23:00,40.355026,49.816319,True,"https://www.google.com/maps/dir/?api=1&origin=&destination=40.355026,49.816319&travelmode=driver",https://www.bravosupermarket.az/en/branches/,2026-09-24T15:16:39.828571+00:00
Bravo Afiyaddin Jalilov,,,07:00-02:00,40.377525,49.865719,True,"https://www.google.com/maps/dir/?api=1&origin=&destination=40.377525,49.865719&travelmode=driver",https://www.bravosupermarket.az/en/branches/,2026-09-24T15:16:39.828571+00:00
Bravo Gala Highway,Market,"Gala settlement, territory of No. 3 Olive farm",07:00 - 23:00,40.456032,50.142788,True,"https://www.google.com/maps/dir/?api=1&origin=&destination=40.456032,50.142788&travelmode=driver",https://www.bravosupermarket.az/en/branches/,2026-09-24T15:16:39.828571+00:00
Bravo Almas İldırım,,,07:00-02:00,40.486629,50.169556,True,"https://www.google.com/maps/dir/?api=1&origin=&destination=40.486629,50.169556&travelmode=driver",https://www.bravosupermarket.az/en/branches/,2026-09-24T15:16:39.828571+00:00
Bravo Lankaran,Super,"Lankaran region, Shilavar village",08:00 - 23:00,38.757114,48.83395,False,"https://www.google.com/maps/dir/?api=1&origin=&destination=38.757114,48.83395&travelmode=driver",https://www.bravosupermarket.az/en/branches/,2026-09-24T15:16:39.828571+00:00
Bravo Podium Mall,Market,"Nizami rayonu, C.Naxçivanski küçəsi 88Q, məhəllə 2566 (Podium Mall 1-ci mərtəbə)",,40.408005,49.955822,True,"https://www.google.com/maps/dir/?api=1&origin=&destination=40.408005,49.955822&travelmode=driver",https://www.bravosupermarket.az/en/branches/,2026-09-24T15:16:39.828571+00:00
Bravo Shamakhi,Market,"Shamakhi city, Mammad Amin Rasulzade Street 28,30",24/7,40.641991,48.635811,False,"https://www.google.com/maps/dir/?api=1&origin=&destination=40.641991,48.635811&travelmode=driver",https://www.bravosupermarket.az/en/branches/,2026-09-24T15:16:39.828571+00:00
Bravo Şüvəlan,Market,"Bakı şəhəri, Xəzər rayonu, Şüvəlan qəsəbəsi, Hacı Məmmədov küçəsi, ev 176",,40.488544,50.20488,False,"https://www.google.com/maps/dir/?api=1&origin=&destination=40.488544,50.20488&travelmode=driver",https://www.bravosupermarket.az/en/branches/,2026-09-24T15:16:39.828571+00:00
Bravo Goychay,Market,"Goychay city, Nizami street 214 A",24/7,40.651539,47.750381,False,"https://www.google.com/maps/dir/?api=1&origin=&destination=40.651539,47.750381&travelmode=driver",https://www.bravosupermarket.az/en/branches/,2026-09-24T15:16:39.828571+00:00
Bravo Şüvəlan,,Ekspress,08:00-02:00,40.48621,50.19828,True,"https://www.google.com/maps/dir/?api=1&origin=&destination=40.48621,50.19828&travelmode=driver",https://www.bravosupermarket.az/en/branches/,2026-09-24T15:16:39.828571+00:00
Bravo Zira,Express,"Zira settlement, Jalal Aliyev street",08:00 - 23:00,40.382217,50.287785,False,"https://www.google.com/maps/dir/?api=1&origin=&destination=40.382217,50.287785&travelmode=driver",https://www.bravosupermarket.az/en/branches/,2026-09-24T15:16:39.828571+00:00
Bravo Şüvəlan,Market,"Bakı şəhəri, Xəzər rayonu, Şüvəlan qəsəbəsi, A. İldırım küçəsi, 30",,40.485668,50.174816,True,"https://www.google.com/maps/dir/?api=1&origin=&destination=40.485668,50.174816&travelmode=driver",https://www.bravosupermarket.az/en/branches/,2026-09-24T15:16:39.828571+00:00
Bravo Lankaran Dosa Mall,Market,"Lankaran city, Dosa Mall, 23 Fikret Mammadov Street",08:00 - 23:00,38.754219,48.852238,False,"https://www.google.com/maps/dir/?api=1&origin=&destination=38.754219,48.852238&travelmode=driver",https://www.bravosupermarket.az/en/branches/,2026-09-24T15:16:39.828571+00:00
Bravo Axundov Residence,Market,"Binəqədi rayonu, Süleyman Sani Axundov küçəsi 1R",,40.426689,49.84201,True,"https://www.google.com/maps/dir/?api=1&origin=&destination=40.426689,49.84201&travelmode=driver",https://www.bravosupermarket.az/en/branches/,2026-09-24T15:16:39.828571+00:00
Bravo Moskva prospekti,Market,"Bakı şəhəri, Yasamal rayonu, Moskva prospekti 8, 3168-ci məhəllə (“Main Yaşayış Kompleksi” 41 saylı bina)",,40.412891,49.79974,True,"https://www.google.com/maps/dir/?api=1&origin=&destination=40.412891,49.79974&travelmode=driver",https://www.bravosupermarket.az/en/branches/,2026-09-24T15:16:39.828571+00:00
Bravo Shusha,Express,"Şuşa şəhəri, Əhməd bəy Ağaoğlu küçəsi",8:00-22:00,39.753689,46.74297,False,"https://www.google.com/maps/dir/?api=1&origin=&destination=39.753689,46.74297&travelmode=driver",https://www.bravosupermarket.az/en/branches/,2026-09-24T15:16:39.828571+00:00
Bravo lsmayilli,Market,"Ismayilli city, Nizami Ganjavi street",08:00-23:00,40.788719,48.172428,False,"https://www.google.com/maps/dir/?api=1&origin=&destination=40.788719,48.172428&travelmode=driver",https://www.bravosupermarket.az/en/branches/,2026-09-24T15:16:39.828571+00:00
Bravo- City Park Mall,Market,"White City, intersection of Babek Avenue and Suleyman Vezirov Street",9:00-22:00,40.38916,49.890148,True,"https://www.google.com/maps/dir/?api=1&origin=&destination=40.38916,49.890148&travelmode=driver",https://www.bravosupermarket.az/en/branches/,2026-09-24T15:16:39.828571+00:00
